/*******************************************************************************
 * Size: 72 px
 * Bpp: 1
 * Opts: --bpp 1 --size 72 --no-compress --stride 1 --align 1 --font Oswald-SemiBold.ttf --symbols ABCDEFGHIJKLMNOPQRSTUVWXYZabcdefghijklmnopqrstuvwxyz0123456789 !"#$%&'()*+,-./:;<=>?@[\]^_`{|}~ --format lvgl -o OswaldSemiBold72.c
 ******************************************************************************/

#ifdef __has_include
    #if __has_include("lvgl.h")
        #ifndef LV_LVGL_H_INCLUDE_SIMPLE
            #define LV_LVGL_H_INCLUDE_SIMPLE
        #endif
    #endif
#endif

#ifdef LV_LVGL_H_INCLUDE_SIMPLE
    #include "lvgl.h"
#else
    #include "lvgl/lvgl.h"
#endif



#ifndef OSWALDSEMIBOLD72
#define OSWALDSEMIBOLD72 1
#endif

#if OSWALDSEMIBOLD72

/*-----------------
 *    BITMAPS
 *----------------*/

/*Store the image of the glyphs*/
static LV_ATTRIBUTE_LARGE_CONST const uint8_t glyph_bitmap[] = {
    /* U+0020 " " */
    0x0,

    /* U+0021 "!" */
    0xff, 0xff, 0xff, 0xff, 0xef, 0xfe, 0xff, 0xe7,
    0xfe, 0x7f, 0xe7, 0xfe, 0x7f, 0xe7, 0xfe, 0x7f,
    0xe7, 0xfe, 0x7f, 0xc7, 0xfc, 0x7f, 0xc7, 0xfc,
    0x7f, 0xc3, 0xfc, 0x3f, 0xc3, 0xfc, 0x3f, 0xc3,
    0xfc, 0x3f, 0xc3, 0xf8, 0x3f, 0x83, 0xf8, 0x3f,
    0x83, 0xf8, 0x3f, 0x83, 0xf8, 0x1f, 0x81, 0xf8,
    0x1f, 0x81, 0xf0, 0x1f, 0x1, 0xf0, 0x1f, 0x1,
    0xf0, 0x1f, 0x1, 0xf0, 0x1f, 0x1, 0xf0, 0x1f,
    0x0, 0x0, 0x0, 0x0, 0x0, 0x0, 0x0, 0x0,
    0xff, 0xef, 0xfe, 0xff, 0xef, 0xfe, 0xff, 0xef,
    0xfe, 0xff, 0xef, 0xfe, 0xff, 0xef, 0xfe,

    /* U+0022 "\"" */
    0xff, 0x8f, 0xff, 0xfe, 0x3f, 0xff, 0xf8, 0xff,
    0xbf, 0xe3, 0xfe, 0xff, 0xf, 0xfb, 0xfc, 0x3f,
    0xef, 0xf0, 0xff, 0xbf, 0xc3, 0xfc, 0xff, 0xf,
    0xf3, 0xf8, 0x3f, 0xcf, 0xe0, 0xff, 0x3f, 0x83,
    0xf8, 0xfe, 0xf, 0xe3, 0xf0, 0x3f, 0x8f, 0xc0,
    0xfe, 0x3f, 0x3, 0xf8, 0xfc, 0xf, 0xc3, 0xf0,
    0x3f, 0xf, 0x80, 0xfc, 0x3e, 0x3, 0xf0,

    /* U+0023 "#" */
    0x0, 0x7f, 0x3, 0xfc, 0x0, 0xfe, 0x7, 0xf8,
    0x3, 0xfc, 0xf, 0xf0, 0x7, 0xf8, 0x1f, 0xc0,
    0xf, 0xf0, 0x3f, 0x80, 0x1f, 0xe0, 0x7f, 0x0,
    0x3f, 0xc1, 0xfe, 0x0, 0x7f, 0x83, 0xfc, 0x0,
    0xfe, 0x7, 0xf8, 0x1, 0xfc, 0xf, 0xf0, 0x7,
    0xf8, 0x1f, 0xe0, 0xf, 0xf0, 0x3f, 0x80, 0x1f,
    0xe0, 0x7f, 0x0, 0x3f, 0xc0, 0xfe, 0x0, 0x7f,
    0x83, 0xfc, 0x0, 0xff, 0x7, 0xf8, 0x1, 0xfc,
    0xf, 0xf1, 0xff, 0xff, 0xff, 0xff, 0xff, 0xff,
    0xff, 0xff, 0xff, 0xff, 0xff, 0xff, 0xff, 0xff,
    0xff, 0xff, 0xff, 0xff, 0xff, 0xff, 0xff, 0xff,
    0xff, 0xff, 0xff, 0xff, 0xff, 0x7, 0xf8, 0x1f,
    0xe0, 0xf, 0xf0, 0x3f, 0x80, 0x1f, 0xe0, 0x7f,
    0x0, 0x3f, 0xc0, 0xfe, 0x0, 0x7f, 0x83, 0xfc,
    0x0, 0xfe, 0x7, 0xf8, 0x1, 0xfc, 0xf, 0xf0,
    0x3, 0xf8, 0x1f, 0xe0, 0xff, 0xff, 0xff, 0xff,
    0xff, 0xff, 0xff, 0xff, 0xff, 0xff, 0xff, 0xff,
    0xff, 0xff, 0xff, 0xff, 0xff, 0xff, 0xff, 0xff,
    0xff, 0xff, 0xff, 0xff, 0xff, 0xff, 0xff, 0x8f,
    0xf0, 0x3f, 0xc0, 0x1f, 0xe0, 0x7f, 0x0, 0x3f,
    0xc0, 0xfe, 0x0, 0x7f, 0x81, 0xfc, 0x0, 0xff,
    0x7, 0xf8, 0x1, 0xfc, 0xf, 0xf0, 0x3, 0xf8,
    0x1f, 0xe0, 0x7, 0xf0, 0x3f, 0xc0, 0x1f, 0xe0,
    0x7f, 0x80, 0x3f, 0xc0, 0xfe, 0x0, 0x7f, 0x81,
    0xfc, 0x0, 0xff, 0x7, 0xf8, 0x1, 0xfe, 0xf,
    0xf0, 0x3, 0xf8, 0x1f, 0xe0, 0x7, 0xf0, 0x3f,
    0xc0, 0xf, 0xe0, 0x7f, 0x80, 0x3f, 0xc0, 0xfe,
    0x0, 0x7f, 0x81, 0xfc, 0x0, 0xff, 0x3, 0xf8,
    0x0,

    /* U+0024 "$" */
    0x0, 0x3, 0x80, 0x0, 0x0, 0x7, 0x0, 0x0,
    0x0, 0xe, 0x0, 0x0, 0x0, 0x1c, 0x0, 0x0,
    0x0, 0x38, 0x0, 0x0, 0x0, 0x70, 0x0, 0x0,
    0x1, 0xe0, 0x0, 0x0, 0x3f, 0xff, 0x0, 0x1,
    0xff, 0xff, 0x80, 0xf, 0xff, 0xff, 0x80, 0x3f,
    0xff, 0xff, 0x80, 0xff, 0xff, 0xff, 0x83, 0xff,
    0xff, 0xff, 0x87, 0xff, 0xff, 0xff, 0x1f, 0xff,
    0xff, 0xff, 0x3f, 0xfc, 0x3f, 0xfe, 0xff, 0xf0,
    0x1f, 0xfd, 0xff, 0xe0, 0x3f, 0xfb, 0xff, 0x80,
    0x7f, 0xff, 0xff, 0x0, 0x7f, 0xff, 0xfe, 0x0,
    0xff, 0xff, 0xfc, 0x1, 0xff, 0xff, 0xf8, 0x3,
    0xff, 0x7f, 0xf8, 0x7, 0x0, 0xff, 0xf0, 0x0,
    0x1, 0xff, 0xf0, 0x0, 0x1, 0xff, 0xf0, 0x0,
    0x3, 0xff, 0xf0, 0x0, 0x3, 0xff, 0xf0, 0x0,
    0x7, 0xff, 0xf0, 0x0, 0x7, 0xff, 0xf0, 0x0,
    0xf, 0xff, 0xf0, 0x0, 0xf, 0xff, 0xf0, 0x0,
    0xf, 0xff, 0xf0, 0x0, 0xf, 0xff, 0xf0, 0x0,
    0xf, 0xff, 0xf8, 0x0, 0x7, 0xff, 0xf8, 0x0,
    0x7, 0xff, 0xf0, 0x0, 0x7, 0xff, 0xf0, 0x0,
    0x7, 0xff, 0xf0, 0x0, 0x7, 0xff, 0xf0, 0x0,
    0x7, 0xff, 0xe0, 0x0, 0x7, 0xff, 0xe0, 0x0,
    0x7, 0xff, 0xc0, 0x0, 0x7, 0xff, 0xc0, 0x0,
    0x7, 0xff, 0x80, 0xf0, 0x7, 0xff, 0x7f, 0xe0,
    0xf, 0xff, 0xff, 0xc0, 0xf, 0xff, 0xff, 0x80,
    0x1f, 0xff, 0xff, 0x0, 0x3f, 0xff, 0xff, 0x0,
    0x7f, 0xff, 0xfe, 0x0, 0xff, 0xff, 0xfc, 0x1,
    0xff, 0xdf, 0xfc, 0x7, 0xff, 0xbf, 0xfc, 0xf,
    0xfe, 0x7f, 0xff, 0xff, 0xfc, 0x7f, 0xff, 0xff,
    0xf8, 0xff, 0xff, 0xff, 0xe0, 0xff, 0xff, 0xff,
    0xc1, 0xff, 0xff, 0xff, 0x1, 0xff, 0xff, 0xfc,
    0x1, 0xff, 0xff, 0xf0, 0x0, 0xff, 0xff, 0xc0,
    0x0, 0x7f, 0xfe, 0x0, 0x0, 0x7, 0xc0, 0x0,
    0x0, 0x7, 0x0, 0x0, 0x0, 0xe, 0x0, 0x0,
    0x0, 0x1c, 0x0, 0x0, 0x0, 0x38, 0x0, 0x0,
    0x0, 0x70, 0x0, 0x0, 0x0, 0xe0, 0x0, 0x0,
    0x1, 0xc0, 0x0,

    /* U+0025 "%" */
    0x0, 0xff, 0xc0, 0x0, 0x7, 0xf0, 0x0, 0x0,
    0x3, 0xff, 0xf8, 0x0, 0x7, 0xf0, 0x0, 0x0,
    0xf, 0xff, 0xfc, 0x0, 0x7, 0xe0, 0x0, 0x0,
    0x1f, 0xff, 0xfe, 0x0, 0xf, 0xe0, 0x0, 0x0,
    0x3f, 0xff, 0xff, 0x0, 0xf, 0xe0, 0x0, 0x0,
    0x3f, 0xff, 0xff, 0x0, 0xf, 0xc0, 0x0, 0x0,
    0x7f, 0xff, 0xff, 0x80, 0xf, 0xc0, 0x0, 0x0,
    0x7f, 0xe1, 0xff, 0x80, 0x1f, 0xc0, 0x0, 0x0,
    0x7f, 0xc0, 0xff, 0x80, 0x1f, 0x80, 0x0, 0x0,
    0xff, 0x80, 0x7f, 0xc0, 0x1f, 0x80, 0x0, 0x0,
    0xff, 0x80, 0x7f, 0xc0, 0x3f, 0x80, 0x0, 0x0,
    0xff, 0x80, 0x7f, 0xc0, 0x3f, 0x80, 0x0, 0x0,
    0xff, 0x80, 0x7f, 0xc0, 0x3f, 0x0, 0x0, 0x0,
    0xff, 0x80, 0x7f, 0xc0, 0x7f, 0x0, 0x0, 0x0,
    0xff, 0x80, 0x7f, 0xc0, 0x7f, 0x0, 0x0, 0x0,
    0xff, 0x80, 0x7f, 0xc0, 0x7e, 0x0, 0x0, 0x0,
    0xff, 0x80, 0x7f, 0xc0, 0xfe, 0x0, 0x0, 0x0,
    0xff, 0x80, 0x7f, 0xc0, 0xfe, 0x0, 0x0, 0x0,
    0xff, 0x80, 0x7f, 0xc0, 0xfc, 0x0, 0x0, 0x0,
    0xff, 0x80, 0x7f, 0xc0, 0xfc, 0x0, 0x0, 0x0,
    0xff, 0x80, 0x7f, 0xc1, 0xfc, 0x0, 0x0, 0x0,
    0xff, 0x80, 0x7f, 0xc1, 0xfc, 0x0, 0x0, 0x0,
    0xff, 0x80, 0x7f, 0xc1, 0xf8, 0x0, 0x0, 0x0,
    0x7f, 0xc0, 0xff, 0x83, 0xf8, 0x0, 0x0, 0x0,
    0x7f, 0xc0, 0xff, 0x83, 0xf8, 0x0, 0x0, 0x0,
    0x7f, 0xe1, 0xff, 0x83, 0xf0, 0x0, 0x0, 0x0,
    0x7f, 0xff, 0xff, 0x87, 0xf0, 0x3, 0xff, 0x0,
    0x3f, 0xff, 0xff, 0x7, 0xf0, 0x1f, 0xff, 0xe0,
    0x3f, 0xff, 0xff, 0x7, 0xe0, 0x3f, 0xff, 0xf0,
    0x1f, 0xff, 0xfe, 0x7, 0xe0, 0x7f, 0xff, 0xf8,
    0xf, 0xff, 0xfc, 0xf, 0xe0, 0xff, 0xff, 0xfc,
    0x3, 0xff, 0xf0, 0xf, 0xc0, 0xff, 0xff, 0xfc,
    0x0, 0xff, 0xc0, 0xf, 0xc1, 0xff, 0xff, 0xfe,
    0x0, 0x0, 0x0, 0x1f, 0xc1, 0xff, 0x87, 0xfe,
    0x0, 0x0, 0x0, 0x1f, 0xc1, 0xff, 0x3, 0xfe,
    0x0, 0x0, 0x0, 0x1f, 0x83, 0xfe, 0x1, 0xff,
    0x0, 0x0, 0x0, 0x3f, 0x83, 0xfe, 0x1, 0xff,
    0x0, 0x0, 0x0, 0x3f, 0x83, 0xfe, 0x1, 0xff,
    0x0, 0x0, 0x0, 0x3f, 0x3, 0xfe, 0x1, 0xff,
    0x0, 0x0, 0x0, 0x3f, 0x3, 0xfe, 0x1, 0xff,
    0x0, 0x0, 0x0, 0x7f, 0x3, 0xfe, 0x1, 0xff,
    0x0, 0x0, 0x0, 0x7e, 0x3, 0xfe, 0x1, 0xff,
    0x0, 0x0, 0x0, 0x7e, 0x3, 0xfe, 0x1, 0xff,
    0x0, 0x0, 0x0, 0xfe, 0x3, 0xfe, 0x1, 0xff,
    0x0, 0x0, 0x0, 0xfe, 0x3, 0xfe, 0x1, 0xff,
    0x0, 0x0, 0x0, 0xfc, 0x3, 0xfe, 0x1, 0xff,
    0x0, 0x0, 0x1, 0xfc, 0x3, 0xfe, 0x1, 0xff,
    0x0, 0x0, 0x1, 0xfc, 0x3, 0xfe, 0x1, 0xff,
    0x0, 0x0, 0x1, 0xf8, 0x3, 0xfe, 0x3, 0xff,
    0x0, 0x0, 0x1, 0xf8, 0x1, 0xff, 0x3, 0xfe,
    0x0, 0x0, 0x3, 0xf8, 0x1, 0xff, 0x87, 0xfe,
    0x0, 0x0, 0x3, 0xf0, 0x1, 0xff, 0xff, 0xfe,
    0x0, 0x0, 0x3, 0xf0, 0x0, 0xff, 0xff, 0xfc,
    0x0, 0x0, 0x7, 0xf0, 0x0, 0xff, 0xff, 0xfc,
    0x0, 0x0, 0x7, 0xf0, 0x0, 0x7f, 0xff, 0xf8,
    0x0, 0x0, 0x7, 0xe0, 0x0, 0x3f, 0xff, 0xf0,
    0x0, 0x0, 0xf, 0xe0, 0x0, 0xf, 0xff, 0xc0,
    0x0, 0x0, 0xf, 0xe0, 0x0, 0x3, 0xff, 0x0,

    /* U+0026 "&" */
    0x0, 0x1f, 0xe0, 0x0, 0x0, 0xf, 0xff, 0xc0,
    0x0, 0x1, 0xff, 0xfe, 0x0, 0x0, 0x3f, 0xff,
    0xf8, 0x0, 0x7, 0xff, 0xff, 0x80, 0x0, 0xff,
    0xff, 0xfc, 0x0, 0x1f, 0xff, 0xff, 0xe0, 0x1,
    0xff, 0xff, 0xfe, 0x0, 0x1f, 0xf8, 0x7f, 0xf0,
    0x3, 0xff, 0x3, 0xff, 0x0, 0x3f, 0xe0, 0x1f,
    0xf0, 0x3, 0xfe, 0x1, 0xff, 0x0, 0x3f, 0xe0,
    0x1f, 0xf0, 0x3, 0xfe, 0x1, 0xff, 0x0, 0x3f,
    0xe0, 0x1f, 0xf0, 0x3, 0xfe, 0x3, 0xff, 0x0,
    0x3f, 0xe0, 0x3f, 0xe0, 0x1, 0xff, 0x3, 0xfe,
    0x0, 0x1f, 0xf0, 0x7f, 0xe0, 0x0, 0xff, 0x7,
    0xfc, 0x0, 0xf, 0xf8, 0xff, 0x80, 0x0, 0xff,
    0x8f, 0xf8, 0x0, 0x7, 0xf9, 0xff, 0x0, 0x0,
    0x3f, 0xdf, 0xe0, 0x0, 0x3, 0xff, 0xfc, 0x0,
    0x0, 0x1f, 0xff, 0x80, 0x0, 0x1, 0xff, 0xf0,
    0x0, 0x0, 0xf, 0xff, 0x0, 0x0, 0x0, 0xff,
    0xe0, 0x0, 0x0, 0x1f, 0xfc, 0x0, 0x0, 0x3,
    0xff, 0xc0, 0x1f, 0xe0, 0x3f, 0xfe, 0x1, 0xfe,
    0x7, 0xff, 0xe0, 0x1f, 0xe0, 0xff, 0xff, 0x1,
    0xfe, 0x1f, 0xff, 0xf0, 0x1f, 0xe1, 0xff, 0xff,
    0x81, 0xfe, 0x3f, 0xef, 0xf8, 0x3f, 0xe3, 0xfe,
    0x7f, 0xc3, 0xfc, 0x7f, 0xc7, 0xfc, 0x3f, 0xc7,
    0xfc, 0x3f, 0xe3, 0xfc, 0x7f, 0xc1, 0xff, 0x3f,
    0xcf, 0xf8, 0x1f, 0xf7, 0xfc, 0xff, 0x80, 0xff,
    0xff, 0x8f, 0xf8, 0xf, 0xff, 0xf8, 0xff, 0x80,
    0x7f, 0xff, 0x8f, 0xf8, 0x3, 0xff, 0xf0, 0xff,
    0x80, 0x3f, 0xff, 0xf, 0xf8, 0x1, 0xff, 0xe0,
    0xff, 0x80, 0x1f, 0xfe, 0xf, 0xfc, 0x1, 0xff,
    0xe0, 0x7f, 0xc0, 0x1f, 0xff, 0x7, 0xfe, 0x7,
    0xff, 0xfe, 0x7f, 0xff, 0xff, 0xff, 0xf3, 0xff,
    0xff, 0xff, 0xff, 0x1f, 0xff, 0xff, 0xff, 0xf1,
    0xff, 0xff, 0xf7, 0xff, 0x7, 0xff, 0xfe, 0x3f,
    0xf0, 0x3f, 0xff, 0x80, 0xff, 0x0, 0xff, 0xe0,
    0x7, 0xf0, 0x0, 0x40, 0x0, 0x7,

    /* U+0027 "'" */
    0xff, 0xff, 0xff, 0xff, 0xef, 0xf7, 0xfb, 0xfd,
    0xfe, 0xfe, 0x7f, 0x3f, 0x9f, 0xcf, 0xe7, 0xf3,
    0xf1, 0xf8, 0xfc, 0x7e, 0x3f, 0x1f, 0x0,

    /* U+0028 "(" */
    0x0, 0xf, 0x80, 0x3f, 0xc0, 0x3f, 0xe0, 0x7f,
    0xf0, 0x3f, 0xf8, 0x3f, 0xfc, 0x3f, 0xfe, 0x3f,
    0xfc, 0x1f, 0xf8, 0xf, 0xfc, 0xf, 0xfc, 0x7,
    0xfe, 0x7, 0xfe, 0x3, 0xff, 0x1, 0xff, 0x80,
    0xff, 0xc0, 0x7f, 0xc0, 0x7f, 0xe0, 0x3f, 0xf0,
    0x1f, 0xf8, 0xf, 0xfc, 0x7, 0xfe, 0x3, 0xff,
    0x1, 0xff, 0x80, 0xff, 0xc0, 0x7f, 0xe0, 0x3f,
    0xf0, 0x1f, 0xf8, 0xf, 0xfc, 0x7, 0xfe, 0x3,
    0xff, 0x1, 0xff, 0x80, 0xff, 0xc0, 0x7f, 0xe0,
    0x3f, 0xf0, 0x1f, 0xf8, 0xf, 0xfc, 0x7, 0xfe,
    0x3, 0xff, 0x1, 0xff, 0x80, 0xff, 0xc0, 0x7f,
    0xe0, 0x3f, 0xf0, 0x1f, 0xf8, 0xf, 0xfc, 0x7,
    0xfe, 0x3, 0xff, 0x1, 0xff, 0x80, 0xff, 0xc0,
    0x7f, 0xe0, 0x3f, 0xf0, 0x1f, 0xf8, 0xf, 0xfc,
    0x7, 0xfe, 0x1, 0xff, 0x0, 0xff, 0xc0, 0x7f,
    0xe0, 0x3f, 0xf0, 0xf, 0xf8, 0x7, 0xfe, 0x3,
    0xff, 0x0, 0xff, 0xc0, 0x7f, 0xe0, 0x1f, 0xf8,
    0xf, 0xff, 0x83, 0xff, 0xc0, 0xff, 0xe0, 0x3f,
    0xf0, 0xf, 0xf8, 0x3, 0xfc, 0x0, 0x3e,

    /* U+0029 ")" */
    0xf0, 0x0, 0xfe, 0x0, 0xff, 0x80, 0xff, 0xc0,
    0xff, 0xe0, 0xff, 0xe0, 0xff, 0xf0, 0x3f, 0xf8,
    0x1f, 0xf8, 0xf, 0xfc, 0xf, 0xfc, 0x7, 0xfc,
    0x7, 0xfe, 0x7, 0xfe, 0x7, 0xfe, 0x7, 0xfe,
    0x3, 0xfe, 0x3, 0xff, 0x3, 0xff, 0x3, 0xff,
    0x3, 0xff, 0x3, 0xff, 0x3, 0xff, 0x3, 0xff,
    0x3, 0xff, 0x3, 0xff, 0x3, 0xff, 0x3, 0xff,
    0x3, 0xff, 0x3, 0xff, 0x3, 0xff, 0x3, 0xff,
    0x3, 0xff, 0x3, 0xff, 0x3, 0xff, 0x3, 0xff,
    0x3, 0xff, 0x3, 0xff, 0x3, 0xff, 0x3, 0xff,
    0x3, 0xff, 0x3, 0xff, 0x3, 0xff, 0x3, 0xff,
    0x3, 0xff, 0x3, 0xff, 0x3, 0xff, 0x3, 0xff,
    0x3, 0xff, 0x3, 0xff, 0x3, 0xff, 0x3, 0xff,
    0x3, 0xff, 0x3, 0xff, 0x3, 0xfe, 0x7, 0xfe,
    0x7, 0xfe, 0x7, 0xfe, 0x7, 0xfc, 0x7, 0xfc,
    0xf, 0xfc, 0xf, 0xf8, 0x1f, 0xf8, 0x3f, 0xf8,
    0xff, 0xf0, 0xff, 0xe0, 0xff, 0xe0, 0xff, 0xc0,
    0xff, 0x80, 0xfe, 0x0, 0xf0, 0x0,

    /* U+002A "*" */
    0x0, 0x7f, 0x80, 0x0, 0x1f, 0xe0, 0x0, 0x7,
    0xf8, 0x0, 0x1, 0xfe, 0x0, 0x0, 0x7f, 0x0,
    0xc, 0x1f, 0xc0, 0xc3, 0xc7, 0xf0, 0xf1, 0xf9,
    0xfc, 0xfc, 0x7f, 0xbf, 0xff, 0x9f, 0xff, 0xff,
    0xef, 0xff, 0xff, 0xf9, 0xff, 0xff, 0xfe, 0x1f,
    0xff, 0xfc, 0x0, 0xff, 0xfc, 0x0, 0xf, 0xfc,
    0x0, 0x7, 0xff, 0x80, 0x3, 0xff, 0xe0, 0x1,
    0xff, 0xfc, 0x0, 0x7f, 0x7f, 0x80, 0x3f, 0xcf,
    0xf0, 0x1f, 0xe3, 0xfc, 0x7, 0xf8, 0x7f, 0x80,
    0xfc, 0x1f, 0xc0, 0xf, 0x3, 0xc0, 0x1, 0x80,
    0xc0, 0x0,

    /* U+002B "+" */
    0x0, 0x3f, 0x80, 0x0, 0x3, 0xf8, 0x0, 0x0,
    0x3f, 0x80, 0x0, 0x3, 0xf8, 0x0, 0x0, 0x3f,
    0x80, 0x0, 0x3, 0xf8, 0x0, 0x0, 0x3f, 0x80,
    0x0, 0x3, 0xf8, 0x0, 0x0, 0x3f, 0x80, 0x0,
    0x3, 0xf8, 0x0, 0x0, 0x3f, 0x80, 0xf, 0xff,
    0xff, 0xff, 0xff, 0xff, 0xff, 0xff, 0xff, 0xff,
    0xff, 0xff, 0xff, 0xff, 0xff, 0xff, 0xff, 0xff,
    0xff, 0xff, 0xff, 0xff, 0xff, 0xff, 0xff, 0x0,
    0x3f, 0x80, 0x0, 0x3, 0xf8, 0x0, 0x0, 0x3f,
    0x80, 0x0, 0x3, 0xf8, 0x0, 0x0, 0x3f, 0x80,
    0x0, 0x3, 0xf8, 0x0, 0x0, 0x3f, 0x80, 0x0,
    0x3, 0xf8, 0x0, 0x0, 0x3f, 0x80, 0x0, 0x3,
    0xf8, 0x0, 0x0, 0x3f, 0x80, 0x0,

    /* U+002C "," */
    0xff, 0xff, 0xff, 0xff, 0xff, 0xff, 0xff, 0xff,
    0xff, 0xff, 0xff, 0xff, 0xff, 0xfc, 0xf, 0x81,
    0xf0, 0x3e, 0xf, 0x83, 0xf0, 0xfc, 0x7f, 0x8f,
    0xe1, 0xf0, 0x18, 0x0,

    /* U+002D "-" */
    0xff, 0xff, 0xff, 0xff, 0xff, 0xff, 0xff, 0xff,
    0xff, 0xff, 0xff, 0xff, 0xff, 0xff, 0xff, 0xfc,

    /* U+002E "." */
    0xff, 0xff, 0xff, 0xff, 0xff, 0xff, 0xff, 0xff,
    0xff, 0xff, 0xff, 0xff, 0xff, 0xfc,

    /* U+002F "/" */
    0x0, 0x0, 0x7f, 0x0, 0x0, 0x7e, 0x0, 0x0,
    0x7e, 0x0, 0x0, 0xfe, 0x0, 0x0, 0xfc, 0x0,
    0x0, 0xfc, 0x0, 0x1, 0xfc, 0x0, 0x1, 0xf8,
    0x0, 0x1, 0xf8, 0x0, 0x3, 0xf8, 0x0, 0x3,
    0xf8, 0x0, 0x3, 0xf0, 0x0, 0x3, 0xf0, 0x0,
    0x7, 0xf0, 0x0, 0x7, 0xe0, 0x0, 0x7, 0xe0,
    0x0, 0xf, 0xe0, 0x0, 0xf, 0xc0, 0x0, 0xf,
    0xc0, 0x0, 0x1f, 0xc0, 0x0, 0x1f, 0xc0, 0x0,
    0x1f, 0x80, 0x0, 0x1f, 0x80, 0x0, 0x3f, 0x80,
    0x0, 0x3f, 0x0, 0x0, 0x3f, 0x0, 0x0, 0x7f,
    0x0, 0x0, 0x7e, 0x0, 0x0, 0x7e, 0x0, 0x0,
    0xfe, 0x0, 0x0, 0xfe, 0x0, 0x0, 0xfc, 0x0,
    0x0, 0xfc, 0x0, 0x1, 0xfc, 0x0, 0x1, 0xf8,
    0x0, 0x1, 0xf8, 0x0, 0x3, 0xf8, 0x0, 0x3,
    0xf0, 0x0, 0x3, 0xf0, 0x0, 0x7, 0xf0, 0x0,
    0x7, 0xf0, 0x0, 0x7, 0xe0, 0x0, 0x7, 0xe0,
    0x0, 0xf, 0xe0, 0x0, 0xf, 0xc0, 0x0, 0xf,
    0xc0, 0x0, 0x1f, 0xc0, 0x0, 0x1f, 0x80, 0x0,
    0x1f, 0x80, 0x0, 0x3f, 0x80, 0x0, 0x3f, 0x0,
    0x0, 0x3f, 0x0, 0x0, 0x3f, 0x0, 0x0, 0x7f,
    0x0, 0x0, 0x7e, 0x0, 0x0, 0x7e, 0x0, 0x0,
    0xfe, 0x0, 0x0, 0xfc, 0x0, 0x0,

    /* U+0030 "0" */
    0x0, 0x1f, 0xf0, 0x0, 0x1, 0xff, 0xfc, 0x0,
    0xf, 0xff, 0xfe, 0x0, 0x3f, 0xff, 0xfe, 0x0,
    0xff, 0xff, 0xfe, 0x3, 0xff, 0xff, 0xfe, 0xf,
    0xff, 0xff, 0xfe, 0x1f, 0xff, 0xff, 0xfc, 0x7f,
    0xff, 0xff, 0xfc, 0xff, 0xf0, 0x7f, 0xf9, 0xff,
    0xc0, 0x7f, 0xf3, 0xff, 0x80, 0xff, 0xef, 0xfe,
    0x0, 0xff, 0xff, 0xfc, 0x1, 0xff, 0xff, 0xf8,
    0x3, 0xff, 0xff, 0xf0, 0x7, 0xff, 0xff, 0xe0,
    0xf, 0xff, 0xff, 0xc0, 0x1f, 0xff, 0xff, 0x80,
    0x3f, 0xff, 0xff, 0x0, 0x7f, 0xff, 0xfe, 0x0,
    0xff, 0xff, 0xfc, 0x1, 0xff, 0xff, 0xf8, 0x3,
    0xff, 0xff, 0xf0, 0x7, 0xff, 0xff, 0xe0, 0xf,
    0xff, 0xff, 0xc0, 0x1f, 0xff, 0xff, 0x80, 0x3f,
    0xff, 0xff, 0x0, 0x7f, 0xff, 0xfe, 0x0, 0xff,
    0xff, 0xfc, 0x1, 0xff, 0xff, 0xf8, 0x3, 0xff,
    0xff, 0xf0, 0x7, 0xff, 0xff, 0xe0, 0xf, 0xff,
    0xff, 0xc0, 0x1f, 0xff, 0xff, 0x80, 0x3f, 0xff,
    0xff, 0x0, 0x7f, 0xff, 0xfe, 0x0, 0xff, 0xff,
    0xfc, 0x1, 0xff, 0xff, 0xf8, 0x3, 0xff, 0xff,
    0xf0, 0x7, 0xff, 0xff, 0xe0, 0xf, 0xff, 0xff,
    0xc0, 0x1f, 0xff, 0xff, 0x80, 0x3f, 0xff, 0xff,
    0x0, 0x7f, 0xff, 0xfe, 0x0, 0xff, 0xff, 0xfc,
    0x1, 0xff, 0xff, 0xf8, 0x3, 0xff, 0xff, 0xf8,
    0xf, 0xff, 0x7f, 0xf0, 0x1f, 0xfc, 0xff, 0xf0,
    0x7f, 0xf9, 0xff, 0xff, 0xff, 0xf1, 0xff, 0xff,
    0xff, 0xc3, 0xff, 0xff, 0xff, 0x83, 0xff, 0xff,
    0xfe, 0x3, 0xff, 0xff, 0xf8, 0x7, 0xff, 0xff,
    0xe0, 0x3, 0xff, 0xff, 0x80, 0x3, 0xff, 0xfe,
    0x0, 0x1, 0xff, 0xf0, 0x0, 0x0, 0x8, 0x0,
    0x0,

    /* U+0031 "1" */
    0x0, 0x1f, 0xf0, 0x3, 0xff, 0x0, 0xff, 0xf0,
    0x3f, 0xff, 0xf, 0xff, 0xf3, 0xff, 0xff, 0xff,
    0xff, 0xff, 0xff, 0xff, 0xff, 0xff, 0xff, 0xff,
    0xff, 0xff, 0xff, 0xff, 0xff, 0xff, 0xfc, 0x7f,
    0xff, 0x7, 0xff, 0x80, 0x7f, 0xf0, 0x7, 0xff,
    0x0, 0x7f, 0xf0, 0x7, 0xff, 0x0, 0x7f, 0xf0,
    0x7, 0xff, 0x0, 0x7f, 0xf0, 0x7, 0xff, 0x0,
    0x7f, 0xf0, 0x7, 0xff, 0x0, 0x7f, 0xf0, 0x7,
    0xff, 0x0, 0x7f, 0xf0, 0x7, 0xff, 0x0, 0x7f,
    0xf0, 0x7, 0xff, 0x0, 0x7f, 0xf0, 0x7, 0xff,
    0x0, 0x7f, 0xf0, 0x7, 0xff, 0x0, 0x7f, 0xf0,
    0x7, 0xff, 0x0, 0x7f, 0xf0, 0x7, 0xff, 0x0,
    0x7f, 0xf0, 0x7, 0xff, 0x0, 0x7f, 0xf0, 0x7,
    0xff, 0x0, 0x7f, 0xf0, 0x7, 0xff, 0x0, 0x7f,
    0xf0, 0x7, 0xff, 0x0, 0x7f, 0xf0, 0x7, 0xff,
    0x0, 0x7f, 0xf0, 0x7, 0xff, 0x0, 0x7f, 0xf0,
    0x7, 0xff, 0x0, 0x7f, 0xf0, 0x7, 0xff, 0x0,
    0x7f, 0xf0, 0x7, 0xff, 0x0, 0x7f, 0xf0, 0x7,
    0xff,

    /* U+0032 "2" */
    0x0, 0x1f, 0xf8, 0x0, 0x1, 0xff, 0xfe, 0x0,
    0xf, 0xff, 0xfe, 0x0, 0x3f, 0xff, 0xff, 0x0,
    0xff, 0xff, 0xff, 0x3, 0xff, 0xff, 0xfe, 0x7,
    0xff, 0xff, 0xfe, 0x1f, 0xff, 0xff, 0xfc, 0x3f,
    0xff, 0xff, 0xfc, 0xff, 0xf8, 0x7f, 0xf9, 0xff,
    0xe0, 0x7f, 0xf3, 0xff, 0x80, 0xff, 0xff, 0xff,
    0x0, 0xff, 0xff, 0xfc, 0x1, 0xff, 0xff, 0xf8,
    0x3, 0xff, 0xff, 0xf0, 0x7, 0xff, 0xff, 0xe0,
    0xf, 0xff, 0xff, 0xc0, 0x1f, 0xff, 0xff, 0x80,
    0x7f, 0xff, 0xff, 0x0, 0xff, 0xf0, 0x0, 0x1,
    0xff, 0xc0, 0x0, 0x7, 0xff, 0x80, 0x0, 0xf,
    0xff, 0x0, 0x0, 0x3f, 0xfc, 0x0, 0x0, 0x7f,
    0xf8, 0x0, 0x1, 0xff, 0xe0, 0x0, 0x3, 0xff,
    0xc0, 0x0, 0xf, 0xff, 0x0, 0x0, 0x3f, 0xfe,
    0x0, 0x0, 0x7f, 0xf8, 0x0, 0x1, 0xff, 0xe0,
    0x0, 0x7, 0xff, 0xc0, 0x0, 0xf, 0xff, 0x0,
    0x0, 0x3f, 0xfc, 0x0, 0x0, 0xff, 0xf8, 0x0,
    0x1, 0xff, 0xe0, 0x0, 0x7, 0xff, 0x80, 0x0,
    0xf, 0xff, 0x0, 0x0, 0x3f, 0xfc, 0x0, 0x0,
    0xff, 0xf0, 0x0, 0x1, 0xff, 0xe0, 0x0, 0x7,
    0xff, 0x80, 0x0, 0x1f, 0xfe, 0x0, 0x0, 0x3f,
    0xfc, 0x0, 0x0, 0xff, 0xf0, 0x0, 0x3, 0xff,
    0xc0, 0x0, 0x7, 0xff, 0x80, 0x0, 0x1f, 0xfe,
    0x0, 0x0, 0x7f, 0xf8, 0x0, 0x0, 0xff, 0xf0,
    0x0, 0x3, 0xff, 0xff, 0xff, 0xf7, 0xff, 0xff,
    0xff, 0xef, 0xff, 0xff, 0xff, 0xdf, 0xff, 0xff,
    0xff, 0xbf, 0xff, 0xff, 0xff, 0x7f, 0xff, 0xff,
    0xfe, 0xff, 0xff, 0xff, 0xfd, 0xff, 0xff, 0xff,
    0xf8,

    /* U+0033 "3" */
    0x0, 0x1f, 0xf0, 0x0, 0x1, 0xff, 0xfc, 0x0,
    0xf, 0xff, 0xfe, 0x0, 0x3f, 0xff, 0xfe, 0x0,
    0xff, 0xff, 0xfe, 0x3, 0xff, 0xff, 0xfe, 0xf,
    0xff, 0xff, 0xfe, 0x1f, 0xff, 0xff, 0xfc, 0x7f,
    0xff, 0xff, 0xfc, 0xff, 0xf0, 0x7f, 0xf9, 0xff,
    0xc0, 0x7f, 0xf7, 0xff, 0x80, 0xff, 0xff, 0xfe,
    0x0, 0xff, 0xff, 0xfc, 0x1, 0xff, 0xff, 0xf8,
    0x3, 0xff, 0xff, 0xf0, 0x7, 0xff, 0xff, 0xe0,
    0xf, 0xff, 0xff, 0xc0, 0x1f, 0xff, 0xff, 0x80,
    0x3f, 0xf8, 0x0, 0x0, 0x7f, 0xf0, 0x0, 0x0,
    0xff, 0xc0, 0x0, 0x3, 0xff, 0x80, 0x0, 0x7,
    0xff, 0x0, 0x0, 0x1f, 0xfc, 0x0, 0x0, 0x7f,
    0xf8, 0x0, 0x1f, 0xff, 0xe0, 0x0, 0x3f, 0xff,
    0x80, 0x0, 0x7f, 0xfe, 0x0, 0x0, 0xff, 0xf0,
    0x0, 0x1, 0xff, 0xf8, 0x0, 0x3, 0xff, 0xf8,
    0x0, 0x7, 0xff, 0xf8, 0x0, 0xf, 0xff, 0xf8,
    0x0, 0x1, 0xff, 0xf0, 0x0, 0x0, 0xff, 0xf0,
    0x0, 0x0, 0xff, 0xe0, 0x0, 0x1, 0xff, 0xc0,
    0x0, 0x3, 0xff, 0xc0, 0x0, 0x3, 0xff, 0x80,
    0x0, 0x7, 0xff, 0xff, 0xe0, 0xf, 0xff, 0xff,
    0xc0, 0x1f, 0xff, 0xff, 0x80, 0x3f, 0xff, 0xff,
    0x0, 0x7f, 0xff, 0xfe, 0x0, 0xff, 0xff, 0xfc,
    0x1, 0xff, 0xff, 0xf8, 0x3, 0xff, 0xff, 0xf8,
    0xf, 0xfe, 0x7f, 0xf0, 0x1f, 0xfc, 0xff, 0xf0,
    0x7f, 0xf9, 0xff, 0xff, 0xff, 0xf1, 0xff, 0xff,
    0xff, 0xc3, 0xff, 0xff, 0xff, 0x83, 0xff, 0xff,
    0xfe, 0x7, 0xff, 0xff, 0xfc, 0x7, 0xff, 0xff,
    0xf0, 0x7, 0xff, 0xff, 0xc0, 0x3, 0xff, 0xfe,
    0x0, 0x1, 0xff, 0xf0, 0x0, 0x0, 0x18, 0x0,
    0x0,

    /* U+0034 "4" */
    0x0, 0x3, 0xff, 0xf0, 0x0, 0x0, 0xff, 0xfc,
    0x0, 0x0, 0x3f, 0xff, 0x0, 0x0, 0x1f, 0xff,
    0xc0, 0x0, 0x7, 0xff, 0xf0, 0x0, 0x3, 0xff,
    0xfc, 0x0, 0x0, 0xff, 0xff, 0x0, 0x0, 0x3f,
    0xff, 0xc0, 0x0, 0x1f, 0xff, 0xf0, 0x0, 0x7,
    0xff, 0xfc, 0x0, 0x3, 0xff, 0xff, 0x0, 0x0,
    0xff, 0xff, 0xc0, 0x0, 0x7f, 0xff, 0xf0, 0x0,
    0x1f, 0xdf, 0xfc, 0x0, 0x7, 0xf7, 0xff, 0x0,
    0x3, 0xfd, 0xff, 0xc0, 0x0, 0xfe, 0x7f, 0xf0,
    0x0, 0x7f, 0x9f, 0xfc, 0x0, 0x1f, 0xe7, 0xff,
    0x0, 0x7, 0xf1, 0xff, 0xc0, 0x3, 0xfc, 0x7f,
    0xf0, 0x0, 0xfe, 0x1f, 0xfc, 0x0, 0x7f, 0x87,
    0xff, 0x0, 0x1f, 0xe1, 0xff, 0xc0, 0x7, 0xf0,
    0x7f, 0xf0, 0x3, 0xfc, 0x1f, 0xfc, 0x0, 0xff,
    0x7, 0xff, 0x0, 0x7f, 0x81, 0xff, 0xc0, 0x1f,
    0xe0, 0x7f, 0xf0, 0x7, 0xf8, 0x1f, 0xfc, 0x3,
    0xfc, 0x7, 0xff, 0x0, 0xff, 0x1, 0xff, 0xc0,
    0x7f, 0xc0, 0x7f, 0xf0, 0x1f, 0xe0, 0x1f, 0xfc,
    0x7, 0xf8, 0x7, 0xff, 0x3, 0xfe, 0x1, 0xff,
    0xc0, 0xff, 0xff, 0xff, 0xff, 0xff, 0xff, 0xff,
    0xff, 0xff, 0xff, 0xff, 0xff, 0xff, 0xff, 0xff,
    0xff, 0xff, 0xff, 0xff, 0xff, 0xff, 0xff, 0xff,
    0xff, 0xff, 0xff, 0xff, 0xff, 0xff, 0xff, 0xff,
    0xff, 0xff, 0xff, 0x0, 0x0, 0x7f, 0xf0, 0x0,
    0x0, 0x1f, 0xfc, 0x0, 0x0, 0x7, 0xff, 0x0,
    0x0, 0x1, 0xff, 0xc0, 0x0, 0x0, 0x7f, 0xf0,
    0x0, 0x0, 0x1f, 0xfc, 0x0, 0x0, 0x7, 0xff,
    0x0, 0x0, 0x1, 0xff, 0xc0, 0x0, 0x0, 0x7f,
    0xf0, 0x0, 0x0, 0x1f, 0xfc, 0x0, 0x0, 0x7,
    0xff, 0x0, 0x0, 0x1, 0xff, 0xc0, 0x0, 0x0,
    0x7f, 0xf0, 0x0, 0x0, 0x1f, 0xfc, 0x0,

    /* U+0035 "5" */
    0x7f, 0xff, 0xff, 0xf0, 0xff, 0xff, 0xff, 0xe1,
    0xff, 0xff, 0xff, 0xc3, 0xff, 0xff, 0xff, 0x87,
    0xff, 0xff, 0xff, 0xf, 0xff, 0xff, 0xfe, 0x1f,
    0xff, 0xff, 0xfc, 0x3f, 0xff, 0xff, 0xf8, 0x7f,
    0xff, 0xff, 0xf0, 0xff, 0x80, 0x0, 0x1, 0xff,
    0x0, 0x0, 0x3, 0xfe, 0x0, 0x0, 0x7, 0xfc,
    0x0, 0x0, 0xf, 0xf8, 0x0, 0x0, 0x1f, 0xf0,
    0x0, 0x0, 0x3f, 0xe0, 0x0, 0x0, 0x7f, 0xc0,
    0x0, 0x0, 0xff, 0x80, 0x0, 0x1, 0xff, 0x0,
    0x0, 0x3, 0xfe, 0x1f, 0xf0, 0x7, 0xfd, 0xff,
    0xf8, 0xf, 0xff, 0xff, 0xf8, 0x1f, 0xff, 0xff,
    0xf8, 0x3f, 0xff, 0xff, 0xf8, 0x7f, 0xff, 0xff,
    0xf0, 0xff, 0xff, 0xff, 0xf1, 0xff, 0xff, 0xff,
    0xe3, 0xff, 0xc3, 0xff, 0xe7, 0xff, 0x3, 0xff,
    0xcf, 0xfc, 0x3, 0xff, 0x9f, 0xf8, 0x7, 0xff,
    0x3f, 0xe0, 0xf, 0xff, 0x0, 0x0, 0xf, 0xfe,
    0x0, 0x0, 0x1f, 0xfc, 0x0, 0x0, 0x3f, 0xf8,
    0x0, 0x0, 0x7f, 0xf0, 0x0, 0x0, 0xff, 0xe0,
    0x0, 0x1, 0xff, 0xc0, 0x0, 0x3, 0xff, 0x80,
    0x0, 0x7, 0xff, 0x0, 0x0, 0xf, 0xff, 0xff,
    0xc0, 0x1f, 0xff, 0xff, 0x80, 0x3f, 0xff, 0xff,
    0x0, 0x7f, 0xff, 0xfe, 0x0, 0xff, 0xff, 0xfc,
    0x1, 0xff, 0xbf, 0xf8, 0x3, 0xff, 0x3f, 0xf8,
    0xf, 0xfe, 0x7f, 0xf0, 0x1f, 0xfc, 0xff, 0xf0,
    0x7f, 0xf9, 0xff, 0xff, 0xff, 0xe1, 0xff, 0xff,
    0xff, 0xc3, 0xff, 0xff, 0xff, 0x3, 0xff, 0xff,
    0xfc, 0x3, 0xff, 0xff, 0xf8, 0x3, 0xff, 0xff,
    0xe0, 0x3, 0xff, 0xff, 0x0, 0x1, 0xff, 0xf8,
    0x0, 0x0, 0xc, 0x0, 0x0,

    /* U+0036 "6" */
    0x0, 0x1f, 0xf8, 0x0, 0x1, 0xff, 0xfe, 0x0,
    0xf, 0xff, 0xff, 0x0, 0x3f, 0xff, 0xff, 0x0,
    0xff, 0xff, 0xff, 0x3, 0xff, 0xff, 0xff, 0x7,
    0xff, 0xff, 0xfe, 0x1f, 0xff, 0xff, 0xfe, 0x3f,
    0xfc, 0x3f, 0xfc, 0xff, 0xf0, 0x3f, 0xf9, 0xff,
    0xc0, 0x7f, 0xfb, 0xff, 0x80, 0x7f, 0xf7, 0xfe,
    0x0, 0xff, 0xff, 0xfc, 0x1, 0xff, 0xff, 0xf8,
    0x3, 0xff, 0xff, 0xf0, 0x7, 0xff, 0xff, 0xe0,
    0x0, 0x1, 0xff, 0xc0, 0x0, 0x3, 0xff, 0x80,
    0x0, 0x7, 0xff, 0x0, 0x0, 0xf, 0xfe, 0x0,
    0x0, 0x1f, 0xfc, 0x0, 0x0, 0x3f, 0xf8, 0x0,
    0x0, 0x7f, 0xf0, 0xfe, 0x0, 0xff, 0xe7, 0xff,
    0x81, 0xff, 0xff, 0xff, 0x83, 0xff, 0xff, 0xff,
    0x87, 0xff, 0xff, 0xff, 0x8f, 0xff, 0xff, 0xff,
    0x9f, 0xff, 0xff, 0xff, 0x3f, 0xff, 0xff, 0xff,
    0x7f, 0xfc, 0x1f, 0xfe, 0xff, 0xf0, 0x1f, 0xfd,
    0xff, 0xc0, 0x3f, 0xfb, 0xff, 0x80, 0x3f, 0xff,
    0xff, 0x0, 0x7f, 0xff, 0xfe, 0x0, 0xff, 0xff,
    0xfc, 0x1, 0xff, 0xff, 0xf8, 0x3, 0xff, 0xff,
    0xf0, 0x7, 0xff, 0xff, 0xe0, 0xf, 0xff, 0xff,
    0xc0, 0x1f, 0xff, 0xff, 0x80, 0x3f, 0xff, 0xff,
    0x0, 0x7f, 0xff, 0xfe, 0x0, 0xff, 0xff, 0xfc,
    0x1, 0xff, 0xdf, 0xf8, 0x3, 0xff, 0x3f, 0xf0,
    0x7, 0xfe, 0x7f, 0xf0, 0x1f, 0xfc, 0xff, 0xe0,
    0x3f, 0xf8, 0xff, 0xe0, 0xff, 0xe1, 0xff, 0xff,
    0xff, 0xc1, 0xff, 0xff, 0xff, 0x83, 0xff, 0xff,
    0xfe, 0x3, 0xff, 0xff, 0xf8, 0x3, 0xff, 0xff,
    0xe0, 0x3, 0xff, 0xff, 0x80, 0x3, 0xff, 0xfe,
    0x0, 0x1, 0xff, 0xf0, 0x0, 0x0, 0x8, 0x0,
    0x0,

    /* U+0037 "7" */
    0xff, 0xff, 0xff, 0xff, 0xff, 0xff, 0xff, 0xff,
    0xff, 0xff, 0xff, 0xff, 0xff, 0xff, 0xff, 0xff,
    0xff, 0xff, 0xff, 0xff, 0xff, 0xff, 0xff, 0xff,
    0xff, 0xff, 0xff, 0x0, 0x0, 0xff, 0xe0, 0x0,
    0x1f, 0xf8, 0x0, 0x7, 0xff, 0x0, 0x0, 0xff,
    0xe0, 0x0, 0x1f, 0xfc, 0x0, 0x3, 0xff, 0x0,
    0x0, 0xff, 0xe0, 0x0, 0x1f, 0xfc, 0x0, 0x3,
    0xff, 0x80, 0x0, 0x7f, 0xe0, 0x0, 0x1f, 0xfc,
    0x0, 0x3, 0xff, 0x80, 0x0, 0x7f, 0xf0, 0x0,
    0xf, 0xfc, 0x0, 0x3, 0xff, 0x80, 0x0, 0x7f,
    0xf0, 0x0, 0xf, 0xfe, 0x0, 0x1, 0xff, 0xc0,
    0x0, 0x7f, 0xf0, 0x0, 0xf, 0xfe, 0x0, 0x1,
    0xff, 0xc0, 0x0, 0x3f, 0xf8, 0x0, 0xf, 0xfe,
    0x0, 0x1, 0xff, 0xc0, 0x0, 0x3f, 0xf8, 0x0,
    0x7, 0xff, 0x0, 0x1, 0xff, 0xc0, 0x0, 0x3f,
    0xf8, 0x0, 0x7, 0xff, 0x0, 0x0, 0xff, 0xe0,
    0x0, 0x1f, 0xf8, 0x0, 0x7, 0xff, 0x0, 0x0,
    0xff, 0xe0, 0x0, 0x1f, 0xfc, 0x0, 0x3, 0xff,
    0x0, 0x0, 0xff, 0xe0, 0x0, 0x1f, 0xfc, 0x0,
    0x3, 0xff, 0x80, 0x0, 0x7f, 0xe0, 0x0, 0x1f,
    0xfc, 0x0, 0x3, 0xff, 0x80, 0x0, 0x7f, 0xf0,
    0x0, 0xf, 0xfc, 0x0, 0x3, 0xff, 0x80, 0x0,
    0x7f, 0xf0, 0x0, 0xf, 0xfe, 0x0, 0x1, 0xff,
    0x80, 0x0, 0x7f, 0xf0, 0x0, 0xf, 0xfe, 0x0,
    0x1, 0xff, 0xc0, 0x0,

    /* U+0038 "8" */
    0x0, 0x1f, 0xf0, 0x0, 0x1, 0xff, 0xfc, 0x0,
    0x7, 0xff, 0xfe, 0x0, 0x3f, 0xff, 0xfe, 0x0,
    0xff, 0xff, 0xfe, 0x1, 0xff, 0xff, 0xfe, 0x7,
    0xff, 0xff, 0xfc, 0x1f, 0xff, 0xff, 0xfc, 0x3f,
    0xfc, 0x7f, 0xf8, 0x7f, 0xf0, 0x7f, 0xf1, 0xff,
    0xe0, 0xff, 0xe3, 0xff, 0x80, 0xff, 0xe7, 0xff,
    0x1, 0xff, 0xcf, 0xfe, 0x3, 0xff, 0x9f, 0xfc,
    0x7, 0xff, 0x3f, 0xf8, 0xf, 0xfe, 0x7f, 0xf0,
    0x1f, 0xfc, 0xff, 0xe0, 0x3f, 0xf9, 0xff, 0xc0,
    0x7f, 0xf3, 0xff, 0x80, 0xff, 0xe3, 0xff, 0x3,
    0xff, 0x87, 0xff, 0x7, 0xff, 0xf, 0xfe, 0xf,
    0xfe, 0xf, 0xfe, 0x3f, 0xf8, 0x1f, 0xff, 0xff,
    0xf0, 0x1f, 0xff, 0xff, 0xc0, 0x1f, 0xff, 0xff,
    0x0, 0x1f, 0xff, 0xfc, 0x0, 0x3f, 0xff, 0xf8,
    0x0, 0xff, 0xff, 0xf8, 0x3, 0xff, 0xff, 0xf8,
    0xf, 0xff, 0xff, 0xf8, 0x3f, 0xff, 0xff, 0xf8,
    0x7f, 0xf8, 0xff, 0xf1, 0xff, 0xe0, 0xff, 0xf3,
    0xff, 0x80, 0xff, 0xe7, 0xff, 0x1, 0xff, 0xdf,
    0xfc, 0x1, 0xff, 0xff, 0xf8, 0x3, 0xff, 0xff,
    0xf0, 0x7, 0xff, 0xff, 0xe0, 0xf, 0xff, 0xff,
    0xc0, 0x1f, 0xff, 0xff, 0x80, 0x3f, 0xff, 0xff,
    0x0, 0x7f, 0xff, 0xfe, 0x0, 0xff, 0xff, 0xfc,
    0x1, 0xff, 0xff, 0xf8, 0x3, 0xff, 0xbf, 0xf0,
    0x7, 0xfe, 0x7f, 0xf0, 0x1f, 0xfc, 0xff, 0xe0,
    0x3f, 0xf9, 0xff, 0xe0, 0xff, 0xf1, 0xff, 0xff,
    0xff, 0xc3, 0xff, 0xff, 0xff, 0x83, 0xff, 0xff,
    0xfe, 0x7, 0xff, 0xff, 0xfc, 0x7, 0xff, 0xff,
    0xf0, 0x7, 0xff, 0xff, 0xc0, 0x3, 0xff, 0xfe,
    0x0, 0x1, 0xff, 0xf0, 0x0, 0x0, 0x18, 0x0,
    0x0,

    /* U+0039 "9" */
    0x0, 0x1f, 0xf0, 0x0, 0x1, 0xff, 0xfc, 0x0,
    0xf, 0xff, 0xfe, 0x0, 0x3f, 0xff, 0xfe, 0x0,
    0xff, 0xff, 0xfe, 0x3, 0xff, 0xff, 0xfe, 0x7,
    0xff, 0xff, 0xfc, 0x1f, 0xff, 0xff, 0xfc, 0x3f,
    0xfc, 0x3f, 0xf8, 0xff, 0xf0, 0x3f, 0xf9, 0xff,
    0xe0, 0x7f, 0xf3, 0xff, 0xc0, 0xff, 0xe7, 0xff,
    0x0, 0xff, 0xdf, 0xfe, 0x1, 0xff, 0xff, 0xfc,
    0x3, 0xff, 0xff, 0xf8, 0x7, 0xff, 0xff, 0xf0,
    0xf, 0xff, 0xff, 0xe0, 0x1f, 0xff, 0xff, 0xc0,
    0x3f, 0xff, 0xff, 0x80, 0x7f, 0xff, 0xff, 0x0,
    0xff, 0xff, 0xfe, 0x1, 0xff, 0xff, 0xfc, 0x3,
    0xff, 0xff, 0xf8, 0x7, 0xff, 0xff, 0xf0, 0xf,
    0xff, 0xff, 0xe0, 0x1f, 0xfd, 0xff, 0xe0, 0x3f,
    0xfb, 0xff, 0xc0, 0xff, 0xf7, 0xff, 0xc3, 0xff,
    0xe7, 0xff, 0xff, 0xff, 0xcf, 0xff, 0xff, 0xff,
    0x9f, 0xff, 0xff, 0xff, 0x1f, 0xff, 0xff, 0xfe,
    0x1f, 0xff, 0xff, 0xfc, 0x1f, 0xff, 0xbf, 0xf8,
    0x1f, 0xfe, 0x7f, 0xf0, 0x7, 0xf0, 0xff, 0xe0,
    0x0, 0x1, 0xff, 0xc0, 0x0, 0x3, 0xff, 0x80,
    0x0, 0x7, 0xff, 0x0, 0x0, 0xf, 0xfe, 0x0,
    0x0, 0x1f, 0xfc, 0x0, 0x0, 0x3f, 0xf8, 0x0,
    0x0, 0x7f, 0xf7, 0xff, 0x0, 0xff, 0xef, 0xfe,
    0x1, 0xff, 0xdf, 0xfc, 0x3, 0xff, 0x3f, 0xf8,
    0xf, 0xfe, 0x7f, 0xf0, 0x1f, 0xfc, 0xff, 0xf0,
    0x3f, 0xf8, 0xff, 0xe0, 0xff, 0xf1, 0xff, 0xff,
    0xff, 0xc3, 0xff, 0xff, 0xff, 0x83, 0xff, 0xff,
    0xfe, 0x7, 0xff, 0xff, 0xfc, 0x7, 0xff, 0xff,
    0xf0, 0x7, 0xff, 0xff, 0xc0, 0x7, 0xff, 0xfe,
    0x0, 0x1, 0xff, 0xf0, 0x0, 0x0, 0x18, 0x0,
    0x0,

    /* U+003A ":" */
    0xff, 0xff, 0xff, 0xff, 0xff, 0xff, 0xff, 0xff,
    0xff, 0xff, 0xff, 0xff, 0xf0, 0x0, 0x0, 0x0,
    0x0, 0x0, 0x0, 0x0, 0x0, 0x0, 0x0, 0x0,
    0x0, 0x0, 0x0, 0x0, 0x0, 0x0, 0x0, 0x3f,
    0xff, 0xff, 0xff, 0xff, 0xff, 0xff, 0xff, 0xff,
    0xff, 0xff, 0xff, 0xfc,

    /* U+003B ";" */
    0xff, 0xff, 0xff, 0xff, 0xff, 0xff, 0xff, 0xff,
    0xff, 0xff, 0xff, 0xff, 0xff, 0xfc, 0x0, 0x0,
    0x0, 0x0, 0x0, 0x0, 0x0, 0x0, 0x0, 0x0,
    0x0, 0x0, 0x0, 0x0, 0x0, 0x0, 0x0, 0x0,
    0x0, 0x0, 0x0, 0x0, 0x0, 0x0, 0xf, 0xff,
    0xff, 0xff, 0xff, 0xff, 0xff, 0xff, 0xff, 0xff,
    0xff, 0xff, 0xff, 0xff, 0xc0, 0xf8, 0x1f, 0x3,
    0xe0, 0xfc, 0x3f, 0xf, 0xe7, 0xf8, 0xff, 0x1f,
    0x81, 0xc0,

    /* U+003C "<" */
    0x0, 0x0, 0x4, 0x0, 0x0, 0x70, 0x0, 0x7,
    0xc0, 0x0, 0x7f, 0x0, 0x7, 0xfc, 0x0, 0x7f,
    0xf0, 0x7, 0xff, 0xc0, 0x7f, 0xff, 0x7, 0xff,
    0xfc, 0x7f, 0xff, 0xf7, 0xff, 0xfe, 0x3f, 0xff,
    0xe0, 0xff, 0xfe, 0x3, 0xff, 0xc0, 0xf, 0xfc,
    0x0, 0x3f, 0xc0, 0x0, 0xff, 0xe0, 0x3, 0xff,
    0xe0, 0xf, 0xff, 0xe0, 0x3f, 0xff, 0xf0, 0x3f,
    0xff, 0xf0, 0x7f, 0xff, 0xf0, 0x7f, 0xff, 0xc0,
    0x7f, 0xff, 0x0, 0x7f, 0xfc, 0x0, 0x7f, 0xf0,
    0x0, 0x7f, 0xc0, 0x0, 0x7f, 0x0, 0x0, 0x7c,
    0x0, 0x0, 0x70, 0x0, 0x0, 0x40,

    /* U+003D "=" */
    0xff, 0xff, 0xff, 0xff, 0xff, 0xff, 0xff, 0xff,
    0xff, 0xff, 0xff, 0xff, 0xff, 0xff, 0xff, 0xff,
    0xff, 0xff, 0xff, 0xff, 0x80, 0x0, 0x0, 0x0,
    0x0, 0x0, 0x0, 0x0, 0x0, 0x0, 0x0, 0x0,
    0x0, 0x0, 0x0, 0x0, 0x0, 0x1f, 0xff, 0xff,
    0xff, 0xff, 0xff, 0xff, 0xff, 0xff, 0xff, 0xff,
    0xff, 0xff, 0xff, 0xff, 0xff, 0xff, 0xff, 0xff,
    0xff, 0xf0,

    /* U+003E ">" */
    0x80, 0x0, 0x3, 0x80, 0x0, 0xf, 0x80, 0x0,
    0x3f, 0x80, 0x0, 0xff, 0x80, 0x3, 0xff, 0x80,
    0xf, 0xff, 0x80, 0x3f, 0xff, 0x80, 0xff, 0xff,
    0x83, 0xff, 0xff, 0x81, 0xff, 0xff, 0x81, 0xff,
    0xff, 0x1, 0xff, 0xfc, 0x0, 0xff, 0xf0, 0x0,
    0xff, 0xc0, 0x0, 0xff, 0x0, 0x1f, 0xfc, 0x1,
    0xff, 0xf0, 0x1f, 0xff, 0xc3, 0xff, 0xff, 0x3f,
    0xff, 0xf3, 0xff, 0xff, 0xf, 0xff, 0xf8, 0x3f,
    0xff, 0x80, 0xff, 0xf8, 0x3, 0xff, 0x80, 0xf,
    0xf8, 0x0, 0x3f, 0x80, 0x0, 0xf8, 0x0, 0x3,
    0x80, 0x0, 0x8, 0x0, 0x0, 0x0,

    /* U+003F "?" */
    0x0, 0x3f, 0xf0, 0x0, 0x7, 0xff, 0xf8, 0x0,
    0x7f, 0xff, 0xf0, 0x3, 0xff, 0xff, 0xf0, 0x1f,
    0xff, 0xff, 0xe0, 0xff, 0xff, 0xff, 0xc7, 0xff,
    0xff, 0xff, 0x1f, 0xff, 0xff, 0xfe, 0x7f, 0xff,
    0xff, 0xfb, 0xff, 0xc1, 0xff, 0xef, 0xfe, 0x3,
    0xff, 0xff, 0xf0, 0xf, 0xff, 0xff, 0xc0, 0x1f,
    0xff, 0xff, 0x0, 0x7f, 0xff, 0xfc, 0x1, 0xff,
    0xff, 0xf0, 0x7, 0xff, 0xff, 0xe0, 0x1f, 0xfd,
    0xfe, 0x0, 0x7f, 0xf7, 0x80, 0x1, 0xff, 0xc0,
    0x0, 0xf, 0xfe, 0x0, 0x0, 0x3f, 0xf8, 0x0,
    0x0, 0xff, 0xe0, 0x0, 0x7, 0xff, 0x80, 0x0,
    0x1f, 0xfc, 0x0, 0x0, 0xff, 0xf0, 0x0, 0x7,
    0xff, 0x80, 0x0, 0x1f, 0xfe, 0x0, 0x0, 0xff,
    0xf0, 0x0, 0x7, 0xff, 0x80, 0x0, 0x3f, 0xfc,
    0x0, 0x1, 0xff, 0xe0, 0x0, 0xf, 0xff, 0x80,
    0x0, 0x7f, 0xfc, 0x0, 0x3, 0xff, 0xc0, 0x0,
    0x1f, 0xfe, 0x0, 0x0, 0x7f, 0xf0, 0x0, 0x1,
    0xff, 0x80, 0x0, 0x7, 0xfe, 0x0, 0x0, 0x1f,
    0xf8, 0x0, 0x0, 0x7f, 0xe0, 0x0, 0x1, 0xff,
    0x80, 0x0, 0x7, 0xfe, 0x0, 0x0, 0x1f, 0xf8,
    0x0, 0x0, 0x0, 0x0, 0x0, 0x0, 0x0, 0x0,
    0x0, 0x0, 0x0, 0x0, 0x0, 0x0, 0x0, 0x0,
    0x0, 0x0, 0x0, 0x0, 0x1, 0xff, 0xc0, 0x0,
    0x7, 0xff, 0x0, 0x0, 0x1f, 0xfc, 0x0, 0x0,
    0x7f, 0xf0, 0x0, 0x1, 0xff, 0xc0, 0x0, 0x7,
    0xff, 0x0, 0x0, 0x1f, 0xfc, 0x0, 0x0, 0x7f,
    0xf0, 0x0, 0x1, 0xff, 0xc0, 0x0, 0x7, 0xff,
    0x0, 0x0,

    /* U+0040 "@" */
    0x0, 0x0, 0x0, 0x7, 0xff, 0xc0, 0x0, 0x0,
    0x0, 0x0, 0x1, 0xff, 0xff, 0xf8, 0x0, 0x0,
    0x0, 0x0, 0x1f, 0xff, 0xff, 0xfc, 0x0, 0x0,
    0x0, 0x0, 0xff, 0xff, 0xff, 0xfe, 0x0, 0x0,
    0x0, 0x7, 0xff, 0xff, 0xff, 0xff, 0x0, 0x0,
    0x0, 0x1f, 0xff, 0xff, 0xff, 0xff, 0x0, 0x0,
    0x0, 0xff, 0xff, 0xff, 0xff, 0xff, 0x0, 0x0,
    0x3, 0xff, 0xfc, 0x0, 0x7f, 0xff, 0x0, 0x0,
    0xf, 0xff, 0x80, 0x0, 0xf, 0xff, 0x0, 0x0,
    0x3f, 0xfc, 0x0, 0x0, 0x7, 0xff, 0x0, 0x0,
    0xff, 0xe0, 0x0, 0x0, 0x7, 0xff, 0x0, 0x3,
    0xff, 0x80, 0x0, 0x0, 0x3, 0xfe, 0x0, 0xf,
    0xfc, 0x0, 0x0, 0x0, 0x3, 0xfe, 0x0, 0x3f,
    0xf0, 0x0, 0x0, 0x0, 0x7, 0xfc, 0x0, 0x7f,
    0xc0, 0x1, 0xf8, 0x0, 0x7, 0xfc, 0x1, 0xff,
    0x80, 0x1f, 0xf8, 0xff, 0x7, 0xf8, 0x3, 0xfe,
    0x0, 0x7f, 0xfb, 0xfe, 0xf, 0xf8, 0xf, 0xf8,
    0x1, 0xff, 0xf7, 0xfc, 0xf, 0xf0, 0x1f, 0xe0,
    0x7, 0xff, 0xff, 0xf0, 0x1f, 0xe0, 0x7f, 0xc0,
    0x1f, 0xff, 0xff, 0xe0, 0x3f, 0xc0, 0xff, 0x0,
    0x7f, 0xff, 0xff, 0xc0, 0x3f, 0xc3, 0xfe, 0x1,
    0xff, 0xff, 0xff, 0x80, 0x7f, 0x87, 0xf8, 0x3,
    0xff, 0xc1, 0xff, 0x0, 0xff, 0xf, 0xf0, 0xf,
    0xff, 0x3, 0xfe, 0x1, 0xfe, 0x3f, 0xe0, 0x1f,
    0xfc, 0x7, 0xfc, 0x3, 0xfc, 0x7f, 0x80, 0x7f,
    0xf0, 0xf, 0xf0, 0x7, 0xf8, 0xff, 0x0, 0xff,
    0xc0, 0x1f, 0xe0, 0xf, 0xf1, 0xfe, 0x3, 0xff,
    0x80, 0x7f, 0xc0, 0x1f, 0xe7, 0xfc, 0x7, 0xfe,
    0x0, 0xff, 0x80, 0x3f, 0xcf, 0xf8, 0xf, 0xfc,
    0x1, 0xff, 0x0, 0x7f, 0x9f, 0xe0, 0x1f, 0xf8,
    0x3, 0xfe, 0x0, 0xff, 0x3f, 0xc0, 0x7f, 0xe0,
    0x7, 0xfc, 0x1, 0xfe, 0x7f, 0x80, 0xff, 0xc0,
    0xf, 0xf8, 0x3, 0xfc, 0xff, 0x1, 0xff, 0x80,
    0x1f, 0xe0, 0x7, 0xf9, 0xfe, 0x3, 0xff, 0x0,
    0x3f, 0xc0, 0xf, 0xf3, 0xfc, 0x7, 0xfe, 0x0,
    0xff, 0x80, 0x3f, 0xc7, 0xf8, 0xf, 0xfc, 0x1,
    0xff, 0x0, 0x7f, 0x8f, 0xf0, 0x1f, 0xf8, 0x3,
    0xfe, 0x0, 0xff, 0x1f, 0xe0, 0x3f, 0xf0, 0x7,
    0xfc, 0x3, 0xfc, 0x3f, 0xc0, 0x7f, 0xe0, 0xf,
    0xf8, 0x7, 0xf8, 0x7f, 0x80, 0xff, 0xe0, 0x1f,
    0xe0, 0x1f, 0xf0, 0xff, 0x0, 0xff, 0xc0, 0x7f,
    0xc0, 0x3f, 0xc1, 0xfe, 0x1, 0xff, 0xe3, 0xff,
    0x80, 0xff, 0x3, 0xfc, 0x3, 0xff, 0xff, 0xff,
    0x83, 0xfe, 0x7, 0xf8, 0x3, 0xff, 0xff, 0xff,
    0x1f, 0xf8, 0xf, 0xf8, 0x7, 0xff, 0xff, 0xff,
    0xff, 0xe0, 0x1f, 0xf0, 0x7, 0xff, 0xfb, 0xff,
    0xff, 0x80, 0x1f, 0xe0, 0x7, 0xff, 0xe7, 0xff,
    0xfe, 0x0, 0x3f, 0xe0, 0x7, 0xff, 0x87, 0xff,
    0xf8, 0x0, 0x7f, 0xc0, 0x7, 0xfe, 0x7, 0xff,
    0xc0, 0x0, 0x7f, 0x80, 0x0, 0xe0, 0x3, 0xfc,
    0x0, 0x0, 0xff, 0x80, 0x0, 0x0, 0x0, 0x0,
    0x0, 0x1, 0xff, 0x80, 0x0, 0x0, 0x0, 0x0,
    0x0, 0x1, 0xff, 0x80, 0x0, 0x0, 0x0, 0x0,
    0x0, 0x3, 0xff, 0x80, 0x0, 0x0, 0x0, 0x0,
    0x0, 0x3, 0xff, 0x80, 0x0, 0x0, 0x0, 0x0,
    0x0, 0x3, 0xff, 0x80, 0x0, 0x0, 0x0, 0x0,
    0x0, 0x3, 0xff, 0xc0, 0x0, 0x0, 0x0, 0x0,
    0x0, 0x7, 0xff, 0xe0, 0x0, 0x0, 0x70, 0x0,
    0x0, 0x7, 0xff, 0xfc, 0x0, 0x1f, 0xe0, 0x0,
    0x0, 0x3, 0xff, 0xff, 0xff, 0xff, 0xc0, 0x0,
    0x0, 0x3, 0xff, 0xff, 0xff, 0xff, 0x80, 0x0,
    0x0, 0x3, 0xff, 0xff, 0xff, 0xff, 0x80, 0x0,
    0x0, 0x1, 0xff, 0xff, 0xff, 0xff, 0x0, 0x0,
    0x0, 0x0, 0xff, 0xff, 0xff, 0xfe, 0x0, 0x0,
    0x0, 0x0, 0x3f, 0xff, 0xff, 0xc0, 0x0, 0x0,
    0x0, 0x0, 0x3, 0xff, 0xf0, 0x0, 0x0, 0x0,

    /* U+0041 "A" */
    0x0, 0x1f, 0xff, 0x0, 0x0, 0x3, 0xff, 0xe0,
    0x0, 0x0, 0xff, 0xfc, 0x0, 0x0, 0x1f, 0xff,
    0xc0, 0x0, 0x3, 0xff, 0xf8, 0x0, 0x0, 0x7f,
    0xff, 0x0, 0x0, 0xf, 0xff, 0xe0, 0x0, 0x3,
    0xff, 0xfc, 0x0, 0x0, 0x7f, 0xff, 0xc0, 0x0,
    0xf, 0xff, 0xf8, 0x0, 0x1, 0xff, 0xff, 0x0,
    0x0, 0x3f, 0xff, 0xe0, 0x0, 0xf, 0xff, 0xfc,
    0x0, 0x1, 0xff, 0xff, 0xc0, 0x0, 0x3f, 0xff,
    0xf8, 0x0, 0x7, 0xfd, 0xff, 0x0, 0x0, 0xff,
    0xbf, 0xe0, 0x0, 0x3f, 0xf7, 0xfc, 0x0, 0x7,
    0xfe, 0xff, 0xc0, 0x0, 0xff, 0xdf, 0xf8, 0x0,
    0x1f, 0xfb, 0xff, 0x0, 0x3, 0xfe, 0x7f, 0xe0,
    0x0, 0xff, 0xc7, 0xfc, 0x0, 0x1f, 0xf8, 0xff,
    0xc0, 0x3, 0xff, 0x1f, 0xf8, 0x0, 0x7f, 0xe3,
    0xff, 0x0, 0xf, 0xfc, 0x7f, 0xe0, 0x3, 0xff,
    0x8f, 0xfc, 0x0, 0x7f, 0xe0, 0xff, 0xc0, 0xf,
    0xfc, 0x1f, 0xf8, 0x1, 0xff, 0x83, 0xff, 0x0,
    0x3f, 0xf0, 0x7f, 0xe0, 0xf, 0xfe, 0xf, 0xfc,
    0x1, 0xff, 0xc1, 0xff, 0x80, 0x3f, 0xf8, 0x3f,
    0xf8, 0x7, 0xfe, 0x3, 0xff, 0x0, 0xff, 0xc0,
    0x7f, 0xe0, 0x3f, 0xf8, 0xf, 0xfc, 0x7, 0xff,
    0xff, 0xff, 0x80, 0xff, 0xff, 0xff, 0xf8, 0x1f,
    0xff, 0xff, 0xff, 0x3, 0xff, 0xff, 0xff, 0xe0,
    0x7f, 0xff, 0xff, 0xfc, 0x1f, 0xff, 0xff, 0xff,
    0x83, 0xff, 0xff, 0xff, 0xf8, 0x7f, 0xf0, 0x7,
    0xff, 0xf, 0xfe, 0x0, 0xff, 0xe1, 0xff, 0x80,
    0xf, 0xfc, 0x7f, 0xf0, 0x1, 0xff, 0x8f, 0xfe,
    0x0, 0x3f, 0xf9, 0xff, 0xc0, 0x7, 0xff, 0x3f,
    0xf8, 0x0, 0xff, 0xe7, 0xff, 0x0, 0x1f, 0xfd,
    0xff, 0xc0, 0x3, 0xff, 0xbf, 0xf8, 0x0, 0x3f,
    0xff, 0xff, 0x0, 0x7, 0xff, 0xff, 0xe0, 0x0,
    0xff, 0xff, 0xfc, 0x0, 0x1f, 0xfc,

    /* U+0042 "B" */
    0xff, 0xff, 0xf8, 0x0, 0x3f, 0xff, 0xff, 0xe0,
    0xf, 0xff, 0xff, 0xfe, 0x3, 0xff, 0xff, 0xff,
    0xe0, 0xff, 0xff, 0xff, 0xfc, 0x3f, 0xff, 0xff,
    0xff, 0x8f, 0xff, 0xff, 0xff, 0xe3, 0xff, 0xff,
    0xff, 0xfc, 0xff, 0xf0, 0x3f, 0xff, 0x3f, 0xfc,
    0x3, 0xff, 0xcf, 0xff, 0x0, 0x7f, 0xfb, 0xff,
    0xc0, 0x1f, 0xfe, 0xff, 0xf0, 0x3, 0xff, 0xbf,
    0xfc, 0x0, 0xff, 0xef, 0xff, 0x0, 0x3f, 0xfb,
    0xff, 0xc0, 0xf, 0xfe, 0xff, 0xf0, 0x3, 0xff,
    0xbf, 0xfc, 0x0, 0xff, 0xef, 0xff, 0x0, 0x3f,
    0xfb, 0xff, 0xc0, 0x1f, 0xfc, 0xff, 0xf0, 0x7,
    0xff, 0x3f, 0xfc, 0x3, 0xff, 0xcf, 0xff, 0x3,
    0xff, 0xe3, 0xff, 0xff, 0xff, 0xf0, 0xff, 0xff,
    0xff, 0xf8, 0x3f, 0xff, 0xff, 0xf8, 0xf, 0xff,
    0xff, 0xf0, 0x3, 0xff, 0xff, 0xff, 0xc0, 0xff,
    0xff, 0xff, 0xf8, 0x3f, 0xff, 0xff, 0xff, 0xf,
    0xff, 0xff, 0xff, 0xe3, 0xff, 0xc0, 0x7f, 0xfc,
    0xff, 0xf0, 0xf, 0xff, 0x3f, 0xfc, 0x1, 0xff,
    0xef, 0xff, 0x0, 0x3f, 0xfb, 0xff, 0xc0, 0xf,
    0xfe, 0xff, 0xf0, 0x1, 0xff, 0xff, 0xfc, 0x0,
    0x7f, 0xff, 0xff, 0x0, 0x1f, 0xff, 0xff, 0xc0,
    0x7, 0xff, 0xff, 0xf0, 0x1, 0xff, 0xff, 0xfc,
    0x0, 0x7f, 0xff, 0xff, 0x0, 0x1f, 0xff, 0xff,
    0xc0, 0x7, 0xff, 0xff, 0xf0, 0x1, 0xff, 0xff,
    0xfc, 0x0, 0xff, 0xff, 0xff, 0x0, 0x3f, 0xfb,
    0xff, 0xc0, 0x1f, 0xfe, 0xff, 0xf0, 0x7, 0xff,
    0xbf, 0xfc, 0x7, 0xff, 0xcf, 0xff, 0xff, 0xff,
    0xf3, 0xff, 0xff, 0xff, 0xf8, 0xff, 0xff, 0xff,
    0xfe, 0x3f, 0xff, 0xff, 0xff, 0xf, 0xff, 0xff,
    0xff, 0x83, 0xff, 0xff, 0xff, 0xc0, 0xff, 0xff,
    0xff, 0xc0, 0x3f, 0xff, 0xff, 0x0, 0x0,

    /* U+0043 "C" */
    0x0, 0xf, 0xfc, 0x0, 0x0, 0x7f, 0xff, 0xc0,
    0x0, 0x7f, 0xff, 0xf8, 0x0, 0xff, 0xff, 0xff,
    0x0, 0xff, 0xff, 0xff, 0xc0, 0xff, 0xff, 0xff,
    0xe0, 0x7f, 0xff, 0xff, 0xf8, 0x7f, 0xff, 0xff,
    0xfc, 0x3f, 0xfe, 0xf, 0xff, 0x3f, 0xfc, 0x3,
    0xff, 0x9f, 0xfe, 0x1, 0xff, 0xcf, 0xfe, 0x0,
    0x7f, 0xf7, 0xff, 0x0, 0x3f, 0xff, 0xff, 0x80,
    0x1f, 0xff, 0xff, 0xc0, 0xf, 0xff, 0xff, 0xe0,
    0x7, 0xff, 0xff, 0xf0, 0x3, 0xff, 0xff, 0xf8,
    0x1, 0xff, 0xff, 0xfc, 0x0, 0xff, 0xff, 0xfe,
    0x0, 0x7f, 0xff, 0xff, 0x0, 0x3f, 0xff, 0xff,
    0x80, 0x0, 0x3, 0xff, 0xc0, 0x0, 0x1, 0xff,
    0xe0, 0x0, 0x0, 0xff, 0xf0, 0x0, 0x0, 0x7f,
    0xf8, 0x0, 0x0, 0x3f, 0xfc, 0x0, 0x0, 0x1f,
    0xfe, 0x0, 0x0, 0xf, 0xff, 0x0, 0x0, 0x7,
    0xff, 0x80, 0x0, 0x3, 0xff, 0xc0, 0x0, 0x1,
    0xff, 0xe0, 0x0, 0x0, 0xff, 0xf0, 0x0, 0x0,
    0x7f, 0xf8, 0x0, 0x0, 0x3f, 0xfc, 0x0, 0x0,
    0x1f, 0xfe, 0x0, 0x0, 0xf, 0xff, 0x0, 0x0,
    0x7, 0xff, 0x80, 0x0, 0x3, 0xff, 0xc0, 0xf,
    0xff, 0xff, 0xe0, 0x7, 0xff, 0xff, 0xf0, 0x3,
    0xff, 0xff, 0xf8, 0x1, 0xff, 0xff, 0xfc, 0x0,
    0xff, 0xff, 0xfe, 0x0, 0x7f, 0xff, 0xff, 0x0,
    0x3f, 0xff, 0xff, 0x80, 0x1f, 0xff, 0xff, 0xc0,
    0xf, 0xfe, 0xff, 0xe0, 0x7, 0xff, 0x7f, 0xf8,
    0x7, 0xff, 0x3f, 0xfc, 0x3, 0xff, 0x8f, 0xff,
    0x3, 0xff, 0xc7, 0xff, 0xff, 0xff, 0xc3, 0xff,
    0xff, 0xff, 0xe0, 0xff, 0xff, 0xff, 0xe0, 0x3f,
    0xff, 0xff, 0xf0, 0xf, 0xff, 0xff, 0xf0, 0x3,
    0xff, 0xff, 0xf0, 0x0, 0xff, 0xff, 0xe0, 0x0,
    0xf, 0xff, 0xc0, 0x0, 0x0, 0x18, 0x0, 0x0,

    /* U+0044 "D" */
    0xff, 0xff, 0xf8, 0x0, 0x7f, 0xff, 0xff, 0xc0,
    0x3f, 0xff, 0xff, 0xf8, 0x1f, 0xff, 0xff, 0xfe,
    0xf, 0xff, 0xff, 0xff, 0x87, 0xff, 0xff, 0xff,
    0xe3, 0xff, 0xff, 0xff, 0xf9, 0xff, 0xff, 0xff,
    0xfc, 0xff, 0xf0, 0x3f, 0xff, 0x7f, 0xf8, 0xf,
    0xff, 0xbf, 0xfc, 0x3, 0xff, 0xdf, 0xfe, 0x0,
    0xff, 0xef, 0xff, 0x0, 0x7f, 0xff, 0xff, 0x80,
    0x3f, 0xff, 0xff, 0xc0, 0x1f, 0xff, 0xff, 0xe0,
    0xf, 0xff, 0xff, 0xf0, 0x7, 0xff, 0xff, 0xf8,
    0x3, 0xff, 0xff, 0xfc, 0x1, 0xff, 0xff, 0xfe,
    0x0, 0xff, 0xff, 0xff, 0x0, 0x7f, 0xff, 0xff,
    0x80, 0x3f, 0xff, 0xff, 0xc0, 0x1f, 0xff, 0xff,
    0xe0, 0xf, 0xff, 0xff, 0xf0, 0x7, 0xff, 0xff,
    0xf8, 0x3, 0xff, 0xff, 0xfc, 0x1, 0xff, 0xff,
    0xfe, 0x0, 0xff, 0xff, 0xff, 0x0, 0x7f, 0xff,
    0xff, 0x80, 0x3f, 0xff, 0xff, 0xc0, 0x1f, 0xff,
    0xff, 0xe0, 0xf, 0xff, 0xff, 0xf0, 0x7, 0xff,
    0xff, 0xf8, 0x3, 0xff, 0xff, 0xfc, 0x1, 0xff,
    0xff, 0xfe, 0x0, 0xff, 0xff, 0xff, 0x0, 0x7f,
    0xff, 0xff, 0x80, 0x3f, 0xff, 0xff, 0xc0, 0x1f,
    0xff, 0xff, 0xe0, 0xf, 0xff, 0xff, 0xf0, 0x7,
    0xff, 0xff, 0xf8, 0x3, 0xff, 0xff, 0xfc, 0x1,
    0xff, 0xff, 0xfe, 0x0, 0xff, 0xff, 0xff, 0x0,
    0x7f, 0xff, 0xff, 0x80, 0x3f, 0xff, 0xff, 0xc0,
    0x3f, 0xfd, 0xff, 0xe0, 0x1f, 0xfe, 0xff, 0xf0,
    0x1f, 0xff, 0x7f, 0xf8, 0x1f, 0xff, 0x3f, 0xff,
    0xff, 0xff, 0x9f, 0xff, 0xff, 0xff, 0x8f, 0xff,
    0xff, 0xff, 0xc7, 0xff, 0xff, 0xff, 0xc3, 0xff,
    0xff, 0xff, 0xc1, 0xff, 0xff, 0xff, 0xc0, 0xff,
    0xff, 0xff, 0x80, 0x7f, 0xff, 0xfc, 0x0, 0x0,

    /* U+0045 "E" */
    0xff, 0xff, 0xff, 0xff, 0xff, 0xff, 0xff, 0xff,
    0xff, 0xff, 0xff, 0xff, 0xff, 0xff, 0xff, 0xff,
    0xff, 0xff, 0xff, 0xff, 0xff, 0xff, 0xff, 0xff,
    0xff, 0xff, 0xff, 0xf0, 0x0, 0x3f, 0xfc, 0x0,
    0xf, 0xff, 0x0, 0x3, 0xff, 0xc0, 0x0, 0xff,
    0xf0, 0x0, 0x3f, 0xfc, 0x0, 0xf, 0xff, 0x0,
    0x3, 0xff, 0xc0, 0x0, 0xff, 0xf0, 0x0, 0x3f,
    0xfc, 0x0, 0xf, 0xff, 0x0, 0x3, 0xff, 0xc0,
    0x0, 0xff, 0xf0, 0x0, 0x3f, 0xfc, 0x0, 0xf,
    0xff, 0x0, 0x3, 0xff, 0xc0, 0x0, 0xff, 0xff,
    0xfe, 0x3f, 0xff, 0xff, 0x8f, 0xff, 0xff, 0xe3,
    0xff, 0xff, 0xf8, 0xff, 0xff, 0xfe, 0x3f, 0xff,
    0xff, 0x8f, 0xff, 0xff, 0xe3, 0xff, 0xff, 0xf8,
    0xff, 0xf0, 0x0, 0x3f, 0xfc, 0x0, 0xf, 0xff,
    0x0, 0x3, 0xff, 0xc0, 0x0, 0xff, 0xf0, 0x0,
    0x3f, 0xfc, 0x0, 0xf, 0xff, 0x0, 0x3, 0xff,
    0xc0, 0x0, 0xff, 0xf0, 0x0, 0x3f, 0xfc, 0x0,
    0xf, 0xff, 0x0, 0x3, 0xff, 0xc0, 0x0, 0xff,
    0xf0, 0x0, 0x3f, 0xfc, 0x0, 0xf, 0xff, 0x0,
    0x3, 0xff, 0xc0, 0x0, 0xff, 0xf0, 0x0, 0x3f,
    0xfc, 0x0, 0xf, 0xff, 0xff, 0xff, 0xff, 0xff,
    0xff, 0xff, 0xff, 0xff, 0xff, 0xff, 0xff, 0xff,
    0xff, 0xff, 0xff, 0xff, 0xff, 0xff, 0xff, 0xff,
    0xff, 0xff, 0xff, 0xff, 0xf0,

    /* U+0046 "F" */
    0xff, 0xff, 0xff, 0xff, 0xff, 0xff, 0xff, 0xff,
    0xff, 0xff, 0xff, 0xff, 0xff, 0xff, 0xff, 0xff,
    0xff, 0xff, 0xff, 0xff, 0xff, 0xff, 0xff, 0xff,
    0xff, 0xff, 0xf0, 0x0, 0x7f, 0xf8, 0x0, 0x3f,
    0xfc, 0x0, 0x1f, 0xfe, 0x0, 0xf, 0xff, 0x0,
    0x7, 0xff, 0x80, 0x3, 0xff, 0xc0, 0x1, 0xff,
    0xe0, 0x0, 0xff, 0xf0, 0x0, 0x7f, 0xf8, 0x0,
    0x3f, 0xfc, 0x0, 0x1f, 0xfe, 0x0, 0xf, 0xff,
    0x0, 0x7, 0xff, 0x80, 0x3, 0xff, 0xc0, 0x1,
    0xff, 0xe0, 0x0, 0xff, 0xff, 0xfe, 0x7f, 0xff,
    0xff, 0x3f, 0xff, 0xff, 0x9f, 0xff, 0xff, 0xcf,
    0xff, 0xff, 0xe7, 0xff, 0xff, 0xf3, 0xff, 0xff,
    0xf9, 0xff, 0xff, 0xfc, 0xff, 0xf0, 0x0, 0x7f,
    0xf8, 0x0, 0x3f, 0xfc, 0x0, 0x1f, 0xfe, 0x0,
    0xf, 0xff, 0x0, 0x7, 0xff, 0x80, 0x3, 0xff,
    0xc0, 0x1, 0xff, 0xe0, 0x0, 0xff, 0xf0, 0x0,
    0x7f, 0xf8, 0x0, 0x3f, 0xfc, 0x0, 0x1f, 0xfe,
    0x0, 0xf, 0xff, 0x0, 0x7, 0xff, 0x80, 0x3,
    0xff, 0xc0, 0x1, 0xff, 0xe0, 0x0, 0xff, 0xf0,
    0x0, 0x7f, 0xf8, 0x0, 0x3f, 0xfc, 0x0, 0x1f,
    0xfe, 0x0, 0xf, 0xff, 0x0, 0x7, 0xff, 0x80,
    0x3, 0xff, 0xc0, 0x1, 0xff, 0xe0, 0x0, 0xff,
    0xf0, 0x0, 0x7f, 0xf8, 0x0, 0x0,

    /* U+0047 "G" */
    0x0, 0xf, 0xfc, 0x0, 0x0, 0x7f, 0xff, 0xc0,
    0x0, 0x7f, 0xff, 0xf8, 0x0, 0xff, 0xff, 0xfe,
    0x0, 0xff, 0xff, 0xff, 0x80, 0xff, 0xff, 0xff,
    0xe0, 0x7f, 0xff, 0xff, 0xf8, 0x7f, 0xff, 0xff,
    0xfc, 0x3f, 0xfe, 0xf, 0xff, 0x3f, 0xfc, 0x3,
    0xff, 0x9f, 0xfe, 0x1, 0xff, 0xcf, 0xfe, 0x0,
    0x7f, 0xe7, 0xff, 0x0, 0x3f, 0xff, 0xff, 0x80,
    0x1f, 0xff, 0xff, 0xc0, 0xf, 0xff, 0xff, 0xe0,
    0x7, 0xff, 0xff, 0xf0, 0x3, 0xff, 0xff, 0xf8,
    0x1, 0xff, 0xff, 0xfc, 0x0, 0xff, 0xff, 0xfe,
    0x0, 0x7f, 0xff, 0xff, 0x0, 0x0, 0x7, 0xff,
    0x80, 0x0, 0x3, 0xff, 0xc0, 0x0, 0x1, 0xff,
    0xe0, 0x0, 0x0, 0xff, 0xf0, 0x0, 0x0, 0x7f,
    0xf8, 0x0, 0x0, 0x3f, 0xfc, 0x0, 0x0, 0x1f,
    0xfe, 0x0, 0x0, 0xf, 0xff, 0x0, 0x0, 0x7,
    0xff, 0x83, 0xff, 0xff, 0xff, 0xc1, 0xff, 0xff,
    0xff, 0xe0, 0xff, 0xff, 0xff, 0xf0, 0x7f, 0xff,
    0xff, 0xf8, 0x3f, 0xff, 0xff, 0xfc, 0x1f, 0xff,
    0xff, 0xfe, 0xf, 0xff, 0xff, 0xff, 0x0, 0x3f,
    0xff, 0xff, 0x80, 0x1f, 0xff, 0xff, 0xc0, 0xf,
    0xff, 0xff, 0xe0, 0x7, 0xff, 0xff, 0xf0, 0x3,
    0xff, 0xff, 0xf8, 0x1, 0xff, 0xff, 0xfc, 0x0,
    0xff, 0xff, 0xfe, 0x0, 0x7f, 0xff, 0xff, 0x0,
    0x3f, 0xff, 0xff, 0x80, 0x1f, 0xfd, 0xff, 0xc0,
    0xf, 0xfe, 0xff, 0xe0, 0xf, 0xff, 0x7f, 0xf8,
    0x7, 0xff, 0xbf, 0xfc, 0x3, 0xff, 0xcf, 0xff,
    0x3, 0xff, 0xe7, 0xff, 0xff, 0xff, 0xf3, 0xff,
    0xff, 0xff, 0xf8, 0xff, 0xff, 0xff, 0xfc, 0x3f,
    0xff, 0xff, 0xfe, 0x1f, 0xff, 0xfc, 0xff, 0x7,
    0xff, 0xfe, 0x7f, 0x80, 0xff, 0xfe, 0x3f, 0xc0,
    0x1f, 0xfc, 0x1f, 0xe0, 0x0, 0x60, 0x0, 0x0,

    /* U+0048 "H" */
    0xff, 0xf0, 0x3, 0xff, 0xff, 0xfc, 0x0, 0xff,
    0xff, 0xff, 0x0, 0x3f, 0xff, 0xff, 0xc0, 0xf,
    0xff, 0xff, 0xf0, 0x3, 0xff, 0xff, 0xfc, 0x0,
    0xff, 0xff, 0xff, 0x0, 0x3f, 0xff, 0xff, 0xc0,
    0xf, 0xff, 0xff, 0xf0, 0x3, 0xff, 0xff, 0xfc,
    0x0, 0xff, 0xff, 0xff, 0x0, 0x3f, 0xff, 0xff,
    0xc0, 0xf, 0xff, 0xff, 0xf0, 0x3, 0xff, 0xff,
    0xfc, 0x0, 0xff, 0xff, 0xff, 0x0, 0x3f, 0xff,
    0xff, 0xc0, 0xf, 0xff, 0xff, 0xf0, 0x3, 0xff,
    0xff, 0xfc, 0x0, 0xff, 0xff, 0xff, 0x0, 0x3f,
    0xff, 0xff, 0xc0, 0xf, 0xff, 0xff, 0xf0, 0x3,
    0xff, 0xff, 0xfc, 0x0, 0xff, 0xff, 0xff, 0x0,
    0x3f, 0xff, 0xff, 0xc0, 0xf, 0xff, 0xff, 0xff,
    0xff, 0xff, 0xff, 0xff, 0xff, 0xff, 0xff, 0xff,
    0xff, 0xff, 0xff, 0xff, 0xff, 0xff, 0xff, 0xff,
    0xff, 0xff, 0xff, 0xff, 0xff, 0xff, 0xff, 0xff,
    0xff, 0xff, 0xff, 0xff, 0xff, 0xff, 0xff, 0xff,
    0xff, 0xf0, 0x3, 0xff, 0xff, 0xfc, 0x0, 0xff,
    0xff, 0xff, 0x0, 0x3f, 0xff, 0xff, 0xc0, 0xf,
    0xff, 0xff, 0xf0, 0x3, 0xff, 0xff, 0xfc, 0x0,
    0xff, 0xff, 0xff, 0x0, 0x3f, 0xff, 0xff, 0xc0,
    0xf, 0xff, 0xff, 0xf0, 0x3, 0xff, 0xff, 0xfc,
    0x0, 0xff, 0xff, 0xff, 0x0, 0x3f, 0xff, 0xff,
    0xc0, 0xf, 0xff, 0xff, 0xf0, 0x3, 0xff, 0xff,
    0xfc, 0x0, 0xff, 0xff, 0xff, 0x0, 0x3f, 0xff,
    0xff, 0xc0, 0xf, 0xff, 0xff, 0xf0, 0x3, 0xff,
    0xff, 0xfc, 0x0, 0xff, 0xff, 0xff, 0x0, 0x3f,
    0xff, 0xff, 0xc0, 0xf, 0xff, 0xff, 0xf0, 0x3,
    0xff, 0xff, 0xfc, 0x0, 0xff, 0xff, 0xff, 0x0,
    0x3f, 0xff, 0xff, 0xc0, 0xf, 0xff, 0xff, 0xf0,
    0x3, 0xff, 0xff, 0xfc, 0x0, 0xff, 0xf0,

    /* U+0049 "I" */
    0xff, 0xff, 0xff, 0xff, 0xff, 0xff, 0xff, 0xff,
    0xff, 0xff, 0xff, 0xff, 0xff, 0xff, 0xff, 0xff,
    0xff, 0xff, 0xff, 0xff, 0xff, 0xff, 0xff, 0xff,
    0xff, 0xff, 0xff, 0xff, 0xff, 0xff, 0xff, 0xff,
    0xff, 0xff, 0xff, 0xff, 0xff, 0xff, 0xff, 0xff,
    0xff, 0xff, 0xff, 0xff, 0xff, 0xff, 0xff, 0xff,
    0xff, 0xff, 0xff, 0xff, 0xff, 0xff, 0xff, 0xff,
    0xff, 0xff, 0xff, 0xff, 0xff, 0xff, 0xff, 0xff,
    0xff, 0xff, 0xff, 0xff, 0xff, 0xff, 0xff, 0xff,
    0xff, 0xff, 0xff, 0xff, 0xff, 0xff, 0xff, 0xff,
    0xff, 0xff, 0xff, 0xff, 0xff, 0xff, 0xff,

    /* U+004A "J" */
    0x0, 0xff, 0xf0, 0xf, 0xff, 0x0, 0xff, 0xf0,
    0xf, 0xff, 0x0, 0xff, 0xf0, 0xf, 0xff, 0x0,
    0xff, 0xf0, 0xf, 0xff, 0x0, 0xff, 0xf0, 0xf,
    0xff, 0x0, 0xff, 0xf0, 0xf, 0xff, 0x0, 0xff,
    0xf0, 0xf, 0xff, 0x0, 0xff, 0xf0, 0xf, 0xff,
    0x0, 0xff, 0xf0, 0xf, 0xff, 0x0, 0xff, 0xf0,
    0xf, 0xff, 0x0, 0xff, 0xf0, 0xf, 0xff, 0x0,
    0xff, 0xf0, 0xf, 0xff, 0x0, 0xff, 0xf0, 0xf,
    0xff, 0x0, 0xff, 0xf0, 0xf, 0xff, 0x0, 0xff,
    0xf0, 0xf, 0xff, 0x0, 0xff, 0xf0, 0xf, 0xff,
    0x0, 0xff, 0xf0, 0xf, 0xff, 0x0, 0xff, 0xf0,
    0xf, 0xff, 0x0, 0xff, 0xf0, 0xf, 0xff, 0x0,
    0xff, 0xf0, 0xf, 0xff, 0x0, 0xff, 0xf0, 0xf,
    0xff, 0x0, 0xff, 0xf0, 0xf, 0xff, 0x0, 0xff,
    0xf0, 0xf, 0xff, 0x0, 0xff, 0xf0, 0xf, 0xff,
    0x1, 0xff, 0xf0, 0x1f, 0xff, 0x7, 0xff, 0xef,
    0xff, 0xfe, 0xff, 0xff, 0xef, 0xff, 0xfc, 0xff,
    0xff, 0xcf, 0xff, 0xf8, 0xff, 0xff, 0xf, 0xff,
    0xe0, 0xff, 0xf0, 0x0,

    /* U+004B "K" */
    0xff, 0xf0, 0x3, 0xff, 0xdf, 0xfe, 0x0, 0x7f,
    0xf3, 0xff, 0xc0, 0x1f, 0xfe, 0x7f, 0xf8, 0x3,
    0xff, 0xcf, 0xff, 0x0, 0x7f, 0xf1, 0xff, 0xe0,
    0x1f, 0xfe, 0x3f, 0xfc, 0x3, 0xff, 0x87, 0xff,
    0x80, 0xff, 0xf0, 0xff, 0xf0, 0x1f, 0xfc, 0x1f,
    0xfe, 0x7, 0xff, 0x83, 0xff, 0xc0, 0xff, 0xf0,
    0x7f, 0xf8, 0x1f, 0xfc, 0xf, 0xff, 0x7, 0xff,
    0x81, 0xff, 0xe0, 0xff, 0xe0, 0x3f, 0xfc, 0x3f,
    0xfc, 0x7, 0xff, 0x87, 0xff, 0x80, 0xff, 0xf1,
    0xff, 0xe0, 0x1f, 0xfe, 0x3f, 0xfc, 0x3, 0xff,
    0xc7, 0xff, 0x0, 0x7f, 0xf9, 0xff, 0xe0, 0xf,
    0xff, 0x3f, 0xf8, 0x1, 0xff, 0xef, 0xff, 0x0,
    0x3f, 0xfd, 0xff, 0xe0, 0x7, 0xff, 0xff, 0xf8,
    0x0, 0xff, 0xff, 0xff, 0x0, 0x1f, 0xff, 0xff,
    0xc0, 0x3, 0xff, 0xff, 0xf8, 0x0, 0x7f, 0xff,
    0xff, 0x80, 0xf, 0xff, 0xff, 0xf0, 0x1, 0xff,
    0xff, 0xfe, 0x0, 0x3f, 0xff, 0xff, 0xe0, 0x7,
    0xff, 0xff, 0xfc, 0x0, 0xff, 0xff, 0xff, 0x80,
    0x1f, 0xff, 0x7f, 0xf8, 0x3, 0xff, 0xc7, 0xff,
    0x0, 0x7f, 0xf8, 0xff, 0xf0, 0xf, 0xff, 0x1f,
    0xfe, 0x1, 0xff, 0xe1, 0xff, 0xc0, 0x3f, 0xfc,
    0x3f, 0xfc, 0x7, 0xff, 0x87, 0xff, 0x80, 0xff,
    0xf0, 0x7f, 0xf0, 0x1f, 0xfe, 0xf, 0xff, 0x3,
    0xff, 0xc0, 0xff, 0xe0, 0x7f, 0xf8, 0x1f, 0xfe,
    0xf, 0xff, 0x3, 0xff, 0xc1, 0xff, 0xe0, 0x3f,
    0xf8, 0x3f, 0xfc, 0x7, 0xff, 0x87, 0xff, 0x80,
    0xff, 0xf0, 0xff, 0xf0, 0xf, 0xfe, 0x1f, 0xfe,
    0x1, 0xff, 0xe3, 0xff, 0xc0, 0x3f, 0xfc, 0x7f,
    0xf8, 0x3, 0xff, 0x8f, 0xff, 0x0, 0x7f, 0xf9,
    0xff, 0xe0, 0xf, 0xff, 0x3f, 0xfc, 0x0, 0xff,
    0xf7, 0xff, 0x80, 0x1f, 0xfe, 0xff, 0xf0, 0x3,
    0xff, 0xdf, 0xfe, 0x0, 0x3f, 0xfc,

    /* U+004C "L" */
    0xff, 0xf0, 0x0, 0x3f, 0xfc, 0x0, 0xf, 0xff,
    0x0, 0x3, 0xff, 0xc0, 0x0, 0xff, 0xf0, 0x0,
    0x3f, 0xfc, 0x0, 0xf, 0xff, 0x0, 0x3, 0xff,
    0xc0, 0x0, 0xff, 0xf0, 0x0, 0x3f, 0xfc, 0x0,
    0xf, 0xff, 0x0, 0x3, 0xff, 0xc0, 0x0, 0xff,
    0xf0, 0x0, 0x3f, 0xfc, 0x0, 0xf, 0xff, 0x0,
    0x3, 0xff, 0xc0, 0x0, 0xff, 0xf0, 0x0, 0x3f,
    0xfc, 0x0, 0xf, 0xff, 0x0, 0x3, 0xff, 0xc0,
    0x0, 0xff, 0xf0, 0x0, 0x3f, 0xfc, 0x0, 0xf,
    0xff, 0x0, 0x3, 0xff, 0xc0, 0x0, 0xff, 0xf0,
    0x0, 0x3f, 0xfc, 0x0, 0xf, 0xff, 0x0, 0x3,
    0xff, 0xc0, 0x0, 0xff, 0xf0, 0x0, 0x3f, 0xfc,
    0x0, 0xf, 0xff, 0x0, 0x3, 0xff, 0xc0, 0x0,
    0xff, 0xf0, 0x0, 0x3f, 0xfc, 0x0, 0xf, 0xff,
    0x0, 0x3, 0xff, 0xc0, 0x0, 0xff, 0xf0, 0x0,
    0x3f, 0xfc, 0x0, 0xf, 0xff, 0x0, 0x3, 0xff,
    0xc0, 0x0, 0xff, 0xf0, 0x0, 0x3f, 0xfc, 0x0,
    0xf, 0xff, 0x0, 0x3, 0xff, 0xc0, 0x0, 0xff,
    0xf0, 0x0, 0x3f, 0xfc, 0x0, 0xf, 0xff, 0x0,
    0x3, 0xff, 0xc0, 0x0, 0xff, 0xf0, 0x0, 0x3f,
    0xfc, 0x0, 0xf, 0xff, 0xff, 0xff, 0xff, 0xff,
    0xff, 0xff, 0xff, 0xff, 0xff, 0xff, 0xff, 0xff,
    0xff, 0xff, 0xff, 0xff, 0xff, 0xff, 0xff, 0xff,
    0xff, 0xff, 0xff, 0xff, 0xf0,

    /* U+004D "M" */
    0xff, 0xfc, 0x0, 0xf, 0xff, 0xff, 0xfe, 0x0,
    0x7, 0xff, 0xff, 0xff, 0x0, 0x3, 0xff, 0xff,
    0xff, 0x80, 0x3, 0xff, 0xff, 0xff, 0xc0, 0x1,
    0xff, 0xff, 0xff, 0xf0, 0x0, 0xff, 0xff, 0xff,
    0xf8, 0x0, 0x7f, 0xff, 0xff, 0xfc, 0x0, 0x7f,
    0xff, 0xff, 0xfe, 0x0, 0x3f, 0xff, 0xff, 0xff,
    0x0, 0x1f, 0xff, 0xff, 0xff, 0x80, 0xf, 0xff,
    0xff, 0xff, 0xe0, 0x7, 0xff, 0xff, 0xff, 0xf0,
    0x7, 0xff, 0xff, 0xff, 0xf8, 0x3, 0xff, 0xff,
    0xff, 0xfc, 0x1, 0xff, 0xff, 0xff, 0xfe, 0x0,
    0xff, 0xff, 0xff, 0xff, 0x80, 0x7f, 0xff, 0xff,
    0xff, 0xc0, 0x7f, 0xff, 0xff, 0xff, 0xe0, 0x3f,
    0xff, 0xff, 0xff, 0xf0, 0x1f, 0xff, 0xff, 0xff,
    0xf8, 0xf, 0xff, 0xff, 0xfd, 0xfe, 0x7, 0xf7,
    0xff, 0xfe, 0xff, 0x7, 0xfb, 0xff, 0xff, 0x7f,
    0x83, 0xfd, 0xff, 0xff, 0xbf, 0xc1, 0xfe, 0xff,
    0xff, 0xdf, 0xe0, 0xff, 0x7f, 0xff, 0xe7, 0xf8,
    0x7f, 0x3f, 0xff, 0xf3, 0xfc, 0x7f, 0x9f, 0xff,
    0xf9, 0xfe, 0x3f, 0xcf, 0xff, 0xfc, 0xff, 0x1f,
    0xe7, 0xff, 0xfe, 0x7f, 0x8f, 0xf3, 0xff, 0xff,
    0x1f, 0xe7, 0xf9, 0xff, 0xff, 0x8f, 0xf7, 0xf8,
    0xff, 0xff, 0xc7, 0xfb, 0xfc, 0x7f, 0xff, 0xe3,
    0xfd, 0xfe, 0x3f, 0xff, 0xf1, 0xfe, 0xff, 0x1f,
    0xff, 0xf8, 0x7f, 0x7f, 0x8f, 0xff, 0xfc, 0x3f,
    0xff, 0x87, 0xff, 0xfe, 0x1f, 0xff, 0xc3, 0xff,
    0xff, 0xf, 0xff, 0xe1, 0xff, 0xff, 0x87, 0xff,
    0xf0, 0xff, 0xff, 0xc1, 0xff, 0xf8, 0x7f, 0xff,
    0xe0, 0xff, 0xf8, 0x3f, 0xff, 0xf0, 0x7f, 0xfc,
    0x1f, 0xff, 0xf8, 0x3f, 0xfe, 0xf, 0xff, 0xfc,
    0x1f, 0xff, 0x7, 0xff, 0xfe, 0x7, 0xff, 0x83,
    0xff, 0xff, 0x3, 0xff, 0x81, 0xff, 0xff, 0x81,
    0xff, 0xc0, 0xff, 0xff, 0xc0, 0xff, 0xe0, 0x7f,
    0xff, 0xe0, 0x3f, 0xf0, 0x3f, 0xff, 0xf0, 0x1f,
    0xf8, 0x1f, 0xff, 0xf8, 0xf, 0xf8, 0xf, 0xff,
    0xfc, 0x7, 0xfc, 0x7, 0xff, 0xfe, 0x3, 0xfe,
    0x3, 0xff, 0xff, 0x0, 0xff, 0x1, 0xff, 0xff,
    0x80, 0x7f, 0x80, 0xff, 0xff, 0xc0, 0x3f, 0x80,
    0x7f, 0xc0,

    /* U+004E "N" */
    0xff, 0x0, 0x7, 0xff, 0xff, 0x0, 0xf, 0xff,
    0xfe, 0x0, 0x1f, 0xff, 0xfe, 0x0, 0x3f, 0xff,
    0xfc, 0x0, 0x7f, 0xff, 0xfc, 0x0, 0xff, 0xff,
    0xf8, 0x1, 0xff, 0xff, 0xf0, 0x3, 0xff, 0xff,
    0xf0, 0x7, 0xff, 0xff, 0xe0, 0xf, 0xff, 0xff,
    0xe0, 0x1f, 0xff, 0xff, 0xc0, 0x3f, 0xff, 0xff,
    0x80, 0x7f, 0xff, 0xff, 0x80, 0xff, 0xff, 0xff,
    0x1, 0xff, 0xff, 0xff, 0x3, 0xff, 0xff, 0xfe,
    0x7, 0xff, 0xff, 0xfe, 0xf, 0xff, 0xff, 0xfc,
    0x1f, 0xff, 0xff, 0xf8, 0x3f, 0xff, 0xff, 0xf8,
    0x7f, 0xff, 0xff, 0xf0, 0xff, 0xff, 0xff, 0xf1,
    0xff, 0xff, 0xff, 0xe3, 0xff, 0xff, 0xff, 0xe7,
    0xff, 0xff, 0xff, 0xcf, 0xff, 0xff, 0xff, 0x9f,
    0xff, 0xfe, 0xff, 0xbf, 0xff, 0xfd, 0xff, 0x7f,
    0xff, 0xfb, 0xff, 0xff, 0xff, 0xf3, 0xff, 0xff,
    0xff, 0xe7, 0xff, 0xff, 0xff, 0xc7, 0xff, 0xff,
    0xff, 0x8f, 0xff, 0xff, 0xff, 0x1f, 0xff, 0xff,
    0xfe, 0x1f, 0xff, 0xff, 0xfc, 0x3f, 0xff, 0xff,
    0xf8, 0x3f, 0xff, 0xff, 0xf0, 0x7f, 0xff, 0xff,
    0xe0, 0xff, 0xff, 0xff, 0xc0, 0xff, 0xff, 0xff,
    0x81, 0xff, 0xff, 0xff, 0x1, 0xff, 0xff, 0xfe,
    0x3, 0xff, 0xff, 0xfc, 0x7, 0xff, 0xff, 0xf8,
    0x7, 0xff, 0xff, 0xf0, 0xf, 0xff, 0xff, 0xe0,
    0xf, 0xff, 0xff, 0xc0, 0x1f, 0xff, 0xff, 0x80,
    0x3f, 0xff, 0xff, 0x0, 0x3f, 0xff, 0xfe, 0x0,
    0x7f, 0xff, 0xfc, 0x0, 0x7f, 0xff, 0xf8, 0x0,
    0xff, 0xff, 0xf0, 0x1, 0xff, 0xff, 0xe0, 0x1,
    0xff, 0xff, 0xc0, 0x3, 0xff, 0xff, 0x80, 0x3,
    0xfc,

    /* U+004F "O" */
    0x0, 0xf, 0xfc, 0x0, 0x0, 0x3f, 0xff, 0xf0,
    0x0, 0x3f, 0xff, 0xfe, 0x0, 0x1f, 0xff, 0xff,
    0xe0, 0xf, 0xff, 0xff, 0xfc, 0x7, 0xff, 0xff,
    0xff, 0x81, 0xff, 0xff, 0xff, 0xe0, 0xff, 0xff,
    0xff, 0xfc, 0x3f, 0xfe, 0x1f, 0xff, 0x1f, 0xfe,
    0x1, 0xff, 0xe7, 0xff, 0x80, 0x7f, 0xf9, 0xff,
    0xc0, 0xf, 0xfe, 0x7f, 0xf0, 0x3, 0xff, 0xbf,
    0xfc, 0x0, 0xff, 0xff, 0xff, 0x0, 0x3f, 0xff,
    0xff, 0xc0, 0xf, 0xff, 0xff, 0xf0, 0x3, 0xff,
    0xff, 0xfc, 0x0, 0xff, 0xff, 0xff, 0x0, 0x3f,
    0xff, 0xff, 0xc0, 0xf, 0xff, 0xff, 0xf0, 0x3,
    0xff, 0xff, 0xfc, 0x0, 0xff, 0xff, 0xff, 0x0,
    0x3f, 0xff, 0xff, 0xc0, 0xf, 0xff, 0xff, 0xf0,
    0x3, 0xff, 0xff, 0xfc, 0x0, 0xff, 0xff, 0xff,
    0x0, 0x3f, 0xff, 0xff, 0xc0, 0xf, 0xff, 0xff,
    0xf0, 0x3, 0xff, 0xff, 0xfc, 0x0, 0xff, 0xff,
    0xff, 0x0, 0x3f, 0xff, 0xff, 0xc0, 0xf, 0xff,
    0xff, 0xf0, 0x3, 0xff, 0xff, 0xfc, 0x0, 0xff,
    0xff, 0xff, 0x0, 0x3f, 0xff, 0xff, 0xc0, 0xf,
    0xff, 0xff, 0xf0, 0x3, 0xff, 0xff, 0xfc, 0x0,
    0xff, 0xff, 0xff, 0x0, 0x3f, 0xff, 0xff, 0xc0,
    0xf, 0xff, 0xff, 0xf0, 0x3, 0xff, 0xff, 0xfc,
    0x0, 0xff, 0xff, 0xff, 0x0, 0x3f, 0xff, 0xff,
    0xc0, 0xf, 0xff, 0xff, 0xf0, 0x3, 0xff, 0xff,
    0xfc, 0x0, 0xff, 0xff, 0xff, 0x0, 0x3f, 0xfd,
    0xff, 0xc0, 0xf, 0xfe, 0x7f, 0xf8, 0x7, 0xff,
    0x9f, 0xfe, 0x1, 0xff, 0xe3, 0xff, 0xc0, 0xff,
    0xf0, 0xff, 0xff, 0xff, 0xfc, 0x3f, 0xff, 0xff,
    0xff, 0x7, 0xff, 0xff, 0xff, 0x80, 0xff, 0xff,
    0xff, 0xc0, 0x1f, 0xff, 0xff, 0xe0, 0x3, 0xff,
    0xff, 0xf0, 0x0, 0x7f, 0xff, 0xf8, 0x0, 0x3,
    0xff, 0xf0, 0x0, 0x0, 0x3, 0x0, 0x0,

    /* U+0050 "P" */
    0xff, 0xff, 0xff, 0x0, 0x3f, 0xff, 0xff, 0xf0,
    0xf, 0xff, 0xff, 0xff, 0x3, 0xff, 0xff, 0xff,
    0xe0, 0xff, 0xff, 0xff, 0xfc, 0x3f, 0xff, 0xff,
    0xff, 0x8f, 0xff, 0xff, 0xff, 0xf3, 0xff, 0xff,
    0xff, 0xfc, 0xff, 0xf0, 0xf, 0xff, 0xbf, 0xfc,
    0x1, 0xff, 0xef, 0xff, 0x0, 0x3f, 0xfb, 0xff,
    0xc0, 0xf, 0xff, 0xff, 0xf0, 0x1, 0xff, 0xff,
    0xfc, 0x0, 0x7f, 0xff, 0xff, 0x0, 0x1f, 0xff,
    0xff, 0xc0, 0x7, 0xff, 0xff, 0xf0, 0x1, 0xff,
    0xff, 0xfc, 0x0, 0x7f, 0xff, 0xff, 0x0, 0x1f,
    0xff, 0xff, 0xc0, 0x7, 0xff, 0xff, 0xf0, 0x1,
    0xff, 0xff, 0xfc, 0x0, 0xff, 0xff, 0xff, 0x0,
    0x3f, 0xfb, 0xff, 0xc0, 0x1f, 0xfe, 0xff, 0xf0,
    0xf, 0xff, 0xbf, 0xff, 0xff, 0xff, 0xcf, 0xff,
    0xff, 0xff, 0xf3, 0xff, 0xff, 0xff, 0xf8, 0xff,
    0xff, 0xff, 0xfc, 0x3f, 0xff, 0xff, 0xfe, 0xf,
    0xff, 0xff, 0xff, 0x3, 0xff, 0xff, 0xff, 0x0,
    0xff, 0xff, 0xfe, 0x0, 0x3f, 0xfc, 0x0, 0x0,
    0xf, 0xff, 0x0, 0x0, 0x3, 0xff, 0xc0, 0x0,
    0x0, 0xff, 0xf0, 0x0, 0x0, 0x3f, 0xfc, 0x0,
    0x0, 0xf, 0xff, 0x0, 0x0, 0x3, 0xff, 0xc0,
    0x0, 0x0, 0xff, 0xf0, 0x0, 0x0, 0x3f, 0xfc,
    0x0, 0x0, 0xf, 0xff, 0x0, 0x0, 0x3, 0xff,
    0xc0, 0x0, 0x0, 0xff, 0xf0, 0x0, 0x0, 0x3f,
    0xfc, 0x0, 0x0, 0xf, 0xff, 0x0, 0x0, 0x3,
    0xff, 0xc0, 0x0, 0x0, 0xff, 0xf0, 0x0, 0x0,
    0x3f, 0xfc, 0x0, 0x0, 0xf, 0xff, 0x0, 0x0,
    0x3, 0xff, 0xc0, 0x0, 0x0, 0xff, 0xf0, 0x0,
    0x0, 0x3f, 0xfc, 0x0, 0x0, 0xf, 0xff, 0x0,
    0x0, 0x3, 0xff, 0xc0, 0x0, 0x0, 0xff, 0xf0,
    0x0, 0x0, 0x3f, 0xfc, 0x0, 0x0, 0x0,

    /* U+0051 "Q" */
    0x0, 0xf, 0xfc, 0x0, 0x0, 0x3f, 0xff, 0xf0,
    0x0, 0x3f, 0xff, 0xfe, 0x0, 0x1f, 0xff, 0xff,
    0xe0, 0xf, 0xff, 0xff, 0xfc, 0x7, 0xff, 0xff,
    0xff, 0x81, 0xff, 0xff, 0xff, 0xe0, 0xff, 0xff,
    0xff, 0xfc, 0x3f, 0xfe, 0x1f, 0xff, 0x1f, 0xfe,
    0x1, 0xff, 0xe7, 0xff, 0x80, 0x7f, 0xf9, 0xff,
    0xc0, 0xf, 0xfe, 0x7f, 0xf0, 0x3, 0xff, 0xbf,
    0xfc, 0x0, 0xff, 0xff, 0xff, 0x0, 0x3f, 0xff,
    0xff, 0xc0, 0xf, 0xff, 0xff, 0xf0, 0x3, 0xff,
    0xff, 0xfc, 0x0, 0xff, 0xff, 0xff, 0x0, 0x3f,
    0xff, 0xff, 0xc0, 0xf, 0xff, 0xff, 0xf0, 0x3,
    0xff, 0xff, 0xfc, 0x0, 0xff, 0xff, 0xff, 0x0,
    0x3f, 0xff, 0xff, 0xc0, 0xf, 0xff, 0xff, 0xf0,
    0x3, 0xff, 0xff, 0xfc, 0x0, 0xff, 0xff, 0xff,
    0x0, 0x3f, 0xff, 0xff, 0xc0, 0xf, 0xff, 0xff,
    0xf0, 0x3, 0xff, 0xff, 0xfc, 0x0, 0xff, 0xff,
    0xff, 0x0, 0x3f, 0xff, 0xff, 0xc0, 0xf, 0xff,
    0xff, 0xf0, 0x3, 0xff, 0xff, 0xfc, 0x0, 0xff,
    0xff, 0xff, 0x0, 0x3f, 0xff, 0xff, 0xc0, 0xf,
    0xff, 0xff, 0xf0, 0x3, 0xff, 0xff, 0xfc, 0x0,
    0xff, 0xff, 0xff, 0x0, 0x3f, 0xff, 0xff, 0xc0,
    0xf, 0xff, 0xff, 0xf0, 0x3, 0xff, 0xff, 0xfc,
    0x0, 0xff, 0xff, 0xff, 0x0, 0x3f, 0xff, 0xff,
    0xc0, 0xf, 0xff, 0xff, 0xf0, 0x3, 0xff, 0xff,
    0xfc, 0x0, 0xff, 0xff, 0xff, 0x0, 0x3f, 0xfd,
    0xff, 0xc0, 0xf, 0xfe, 0x7f, 0xf8, 0x7, 0xff,
    0x9f, 0xfe, 0x1, 0xff, 0xe3, 0xff, 0xc0, 0xff,
    0xf8, 0xff, 0xff, 0xff, 0xfc, 0x3f, 0xff, 0xff,
    0xff, 0x7, 0xff, 0xff, 0xff, 0x80, 0xff, 0xff,
    0xff, 0xc0, 0x1f, 0xff, 0xff, 0xe0, 0x3, 0xff,
    0xff, 0xf0, 0x0, 0x7f, 0xff, 0xf8, 0x0, 0x3,
    0xff, 0xfe, 0x0, 0x0, 0x3, 0xff, 0xc0, 0x0,
    0x0, 0x1f, 0xf8, 0x0, 0x0, 0x3, 0xff, 0x0,
    0x0, 0x0, 0xff, 0xf0, 0x0, 0x0, 0x1f, 0xfc,
    0x0, 0x0, 0x3, 0xff, 0x0, 0x0, 0x0, 0x7f,
    0x80, 0x0, 0x0, 0xf, 0xe0, 0x0, 0x0, 0x0,
    0xf8, 0x0, 0x0, 0x0, 0x1c, 0x0, 0x0, 0x0,
    0x3, 0x0,

    /* U+0052 "R" */
    0xff, 0xff, 0xfc, 0x0, 0x1f, 0xff, 0xff, 0xf8,
    0x3, 0xff, 0xff, 0xff, 0xc0, 0x7f, 0xff, 0xff,
    0xfc, 0xf, 0xff, 0xff, 0xff, 0xc1, 0xff, 0xff,
    0xff, 0xfc, 0x3f, 0xff, 0xff, 0xff, 0xc7, 0xff,
    0xff, 0xff, 0xfc, 0xff, 0xf0, 0x1f, 0xff, 0x9f,
    0xfe, 0x0, 0xff, 0xf3, 0xff, 0xc0, 0xf, 0xff,
    0x7f, 0xf8, 0x1, 0xff, 0xef, 0xff, 0x0, 0x1f,
    0xfd, 0xff, 0xe0, 0x3, 0xff, 0xbf, 0xfc, 0x0,
    0x7f, 0xf7, 0xff, 0x80, 0xf, 0xfe, 0xff, 0xf0,
    0x1, 0xff, 0xdf, 0xfe, 0x0, 0x3f, 0xfb, 0xff,
    0xc0, 0x7, 0xff, 0x7f, 0xf8, 0x0, 0xff, 0xef,
    0xff, 0x0, 0x3f, 0xfd, 0xff, 0xe0, 0x7, 0xff,
    0x3f, 0xfc, 0x0, 0xff, 0xe7, 0xff, 0x80, 0x3f,
    0xfc, 0xff, 0xf0, 0x1f, 0xff, 0x9f, 0xff, 0xff,
    0xff, 0xe3, 0xff, 0xff, 0xff, 0xf8, 0x7f, 0xff,
    0xff, 0xff, 0xf, 0xff, 0xff, 0xff, 0x81, 0xff,
    0xff, 0xff, 0xe0, 0x3f, 0xff, 0xff, 0xf8, 0x7,
    0xff, 0xff, 0xff, 0x0, 0xff, 0xf0, 0xff, 0xf0,
    0x1f, 0xfe, 0xf, 0xfe, 0x3, 0xff, 0xc1, 0xff,
    0xc0, 0x7f, 0xf8, 0x3f, 0xfc, 0xf, 0xff, 0x7,
    0xff, 0x81, 0xff, 0xe0, 0x7f, 0xf0, 0x3f, 0xfc,
    0xf, 0xfe, 0x7, 0xff, 0x81, 0xff, 0xe0, 0xff,
    0xf0, 0x3f, 0xfc, 0x1f, 0xfe, 0x3, 0xff, 0x83,
    0xff, 0xc0, 0x7f, 0xf0, 0x7f, 0xf8, 0xf, 0xff,
    0xf, 0xff, 0x1, 0xff, 0xe1, 0xff, 0xe0, 0x1f,
    0xfc, 0x3f, 0xfc, 0x3, 0xff, 0xc7, 0xff, 0x80,
    0x7f, 0xf8, 0xff, 0xf0, 0xf, 0xff, 0x1f, 0xfe,
    0x0, 0xff, 0xf3, 0xff, 0xc0, 0x1f, 0xfe, 0x7f,
    0xf8, 0x3, 0xff, 0xcf, 0xff, 0x0, 0x7f, 0xf9,
    0xff, 0xe0, 0x7, 0xff, 0xbf, 0xfc, 0x0, 0xff,
    0xf7, 0xff, 0x80, 0x1f, 0xfe, 0xff, 0xf0, 0x3,
    0xff, 0xff, 0xfe, 0x0, 0x3f, 0xfc,

    /* U+0053 "S" */
    0x0, 0x1f, 0xf0, 0x0, 0x1, 0xff, 0xfc, 0x0,
    0xf, 0xff, 0xfe, 0x0, 0x3f, 0xff, 0xfe, 0x0,
    0xff, 0xff, 0xfe, 0x3, 0xff, 0xff, 0xfc, 0xf,
    0xff, 0xff, 0xfc, 0x3f, 0xff, 0xff, 0xfc, 0x7f,
    0xf8, 0x7f, 0xf8, 0xff, 0xe0, 0x3f, 0xf3, 0xff,
    0xc0, 0x7f, 0xe7, 0xff, 0x0, 0xff, 0xef, 0xfe,
    0x0, 0xff, 0xdf, 0xfc, 0x1, 0xff, 0xbf, 0xf8,
    0x3, 0xff, 0x7f, 0xf0, 0x7, 0xfe, 0xff, 0xf0,
    0xf, 0x1, 0xff, 0xe0, 0x0, 0x3, 0xff, 0xe0,
    0x0, 0x3, 0xff, 0xc0, 0x0, 0x7, 0xff, 0xc0,
    0x0, 0xf, 0xff, 0xc0, 0x0, 0xf, 0xff, 0xc0,
    0x0, 0x1f, 0xff, 0xe0, 0x0, 0x1f, 0xff, 0xe0,
    0x0, 0x1f, 0xff, 0xe0, 0x0, 0x3f, 0xff, 0xe0,
    0x0, 0x3f, 0xff, 0xe0, 0x0, 0x3f, 0xff, 0xe0,
    0x0, 0x3f, 0xff, 0xe0, 0x0, 0x1f, 0xff, 0xe0,
    0x0, 0x1f, 0xff, 0xe0, 0x0, 0x1f, 0xff, 0xe0,
    0x0, 0x1f, 0xff, 0xc0, 0x0, 0x1f, 0xff, 0xc0,
    0x0, 0x1f, 0xff, 0xc0, 0x0, 0x1f, 0xff, 0x80,
    0x0, 0x1f, 0xff, 0x80, 0x0, 0x1f, 0xff, 0x0,
    0x0, 0x1f, 0xfe, 0x7, 0xc0, 0x1f, 0xff, 0xff,
    0x80, 0x3f, 0xff, 0xff, 0x0, 0x3f, 0xff, 0xfe,
    0x0, 0x7f, 0xff, 0xfc, 0x0, 0xff, 0xff, 0xfc,
    0x1, 0xff, 0xff, 0xf8, 0x3, 0xff, 0xbf, 0xf0,
    0x7, 0xff, 0x7f, 0xf0, 0x1f, 0xfe, 0xff, 0xf0,
    0x3f, 0xf9, 0xff, 0xff, 0xff, 0xf1, 0xff, 0xff,
    0xff, 0xe3, 0xff, 0xff, 0xff, 0x83, 0xff, 0xff,
    0xff, 0x3, 0xff, 0xff, 0xfc, 0x7, 0xff, 0xff,
    0xf0, 0x3, 0xff, 0xff, 0xc0, 0x3, 0xff, 0xfe,
    0x0, 0x1, 0xff, 0xf0, 0x0, 0x0, 0xc, 0x0,
    0x0,

    /* U+0054 "T" */
    0xff, 0xff, 0xff, 0xff, 0xff, 0xff, 0xff, 0xff,
    0xff, 0xff, 0xff, 0xff, 0xff, 0xff, 0xff, 0xff,
    0xff, 0xff, 0xff, 0xff, 0xff, 0xff, 0xff, 0xff,
    0xff, 0xff, 0xff, 0xff, 0xff, 0xff, 0xff, 0xff,
    0xff, 0xfc, 0x1, 0xff, 0xe0, 0x0, 0x7, 0xff,
    0x80, 0x0, 0x1f, 0xfe, 0x0, 0x0, 0x7f, 0xf8,
    0x0, 0x1, 0xff, 0xe0, 0x0, 0x7, 0xff, 0x80,
    0x0, 0x1f, 0xfe, 0x0, 0x0, 0x7f, 0xf8, 0x0,
    0x1, 0xff, 0xe0, 0x0, 0x7, 0xff, 0x80, 0x0,
    0x1f, 0xfe, 0x0, 0x0, 0x7f, 0xf8, 0x0, 0x1,
    0xff, 0xe0, 0x0, 0x7, 0xff, 0x80, 0x0, 0x1f,
    0xfe, 0x0, 0x0, 0x7f, 0xf8, 0x0, 0x1, 0xff,
    0xe0, 0x0, 0x7, 0xff, 0x80, 0x0, 0x1f, 0xfe,
    0x0, 0x0, 0x7f, 0xf8, 0x0, 0x1, 0xff, 0xe0,
    0x0, 0x7, 0xff, 0x80, 0x0, 0x1f, 0xfe, 0x0,
    0x0, 0x7f, 0xf8, 0x0, 0x1, 0xff, 0xe0, 0x0,
    0x7, 0xff, 0x80, 0x0, 0x1f, 0xfe, 0x0, 0x0,
    0x7f, 0xf8, 0x0, 0x1, 0xff, 0xe0, 0x0, 0x7,
    0xff, 0x80, 0x0, 0x1f, 0xfe, 0x0, 0x0, 0x7f,
    0xf8, 0x0, 0x1, 0xff, 0xe0, 0x0, 0x7, 0xff,
    0x80, 0x0, 0x1f, 0xfe, 0x0, 0x0, 0x7f, 0xf8,
    0x0, 0x1, 0xff, 0xe0, 0x0, 0x7, 0xff, 0x80,
    0x0, 0x1f, 0xfe, 0x0, 0x0, 0x7f, 0xf8, 0x0,
    0x1, 0xff, 0xe0, 0x0, 0x7, 0xff, 0x80, 0x0,
    0x1f, 0xfe, 0x0, 0x0, 0x7f, 0xf8, 0x0, 0x1,
    0xff, 0xe0, 0x0, 0x7, 0xff, 0x80, 0x0, 0x1f,
    0xfe, 0x0, 0x0, 0x7f, 0xf8, 0x0, 0x1, 0xff,
    0xe0, 0x0,

    /* U+0055 "U" */
    0xff, 0xe0, 0x3, 0xff, 0xff, 0xf8, 0x0, 0xff,
    0xff, 0xfe, 0x0, 0x3f, 0xff, 0xff, 0x80, 0xf,
    0xff, 0xff, 0xe0, 0x3, 0xff, 0xff, 0xf8, 0x0,
    0xff, 0xff, 0xfe, 0x0, 0x3f, 0xff, 0xff, 0x80,
    0xf, 0xff, 0xff, 0xe0, 0x3, 0xff, 0xff, 0xf8,
    0x0, 0xff, 0xff, 0xfe, 0x0, 0x3f, 0xff, 0xff,
    0x80, 0xf, 0xff, 0xff, 0xe0, 0x3, 0xff, 0xff,
    0xf8, 0x0, 0xff, 0xff, 0xfe, 0x0, 0x3f, 0xff,
    0xff, 0x80, 0xf, 0xff, 0xff, 0xe0, 0x3, 0xff,
    0xff, 0xf8, 0x0, 0xff, 0xff, 0xfe, 0x0, 0x3f,
    0xff, 0xff, 0x80, 0xf, 0xff, 0xff, 0xe0, 0x3,
    0xff, 0xff, 0xf8, 0x0, 0xff, 0xff, 0xfe, 0x0,
    0x3f, 0xff, 0xff, 0x80, 0xf, 0xff, 0xff, 0xe0,
    0x3, 0xff, 0xff, 0xf8, 0x0, 0xff, 0xff, 0xfe,
    0x0, 0x3f, 0xff, 0xff, 0x80, 0xf, 0xff, 0xff,
    0xe0, 0x3, 0xff, 0xff, 0xf8, 0x0, 0xff, 0xff,
    0xfe, 0x0, 0x3f, 0xff, 0xff, 0x80, 0xf, 0xff,
    0xff, 0xe0, 0x3, 0xff, 0xff, 0xf8, 0x0, 0xff,
    0xff, 0xfe, 0x0, 0x3f, 0xff, 0xff, 0x80, 0xf,
    0xff, 0xff, 0xe0, 0x3, 0xff, 0xff, 0xf8, 0x0,
    0xff, 0xff, 0xfe, 0x0, 0x3f, 0xff, 0xff, 0x80,
    0xf, 0xff, 0xff, 0xe0, 0x3, 0xff, 0xff, 0xf8,
    0x0, 0xff, 0xff, 0xfe, 0x0, 0x3f, 0xff, 0xff,
    0x80, 0xf, 0xff, 0xff, 0xe0, 0x3, 0xff, 0xff,
    0xf8, 0x0, 0xff, 0xf7, 0xfe, 0x0, 0x3f, 0xf9,
    0xff, 0xc0, 0x1f, 0xfe, 0x7f, 0xf0, 0x7, 0xff,
    0x9f, 0xfe, 0x3, 0xff, 0xe3, 0xff, 0xff, 0xff,
    0xf0, 0xff, 0xff, 0xff, 0xfc, 0x1f, 0xff, 0xff,
    0xfe, 0x7, 0xff, 0xff, 0xff, 0x80, 0xff, 0xff,
    0xff, 0xc0, 0xf, 0xff, 0xff, 0xc0, 0x1, 0xff,
    0xff, 0xe0, 0x0, 0x1f, 0xff, 0xe0, 0x0, 0x0,
    0xc, 0x0, 0x0,

    /* U+0056 "V" */
    0xff, 0xc0, 0x1, 0xff, 0xff, 0xf0, 0x0, 0x7f,
    0xff, 0xfc, 0x0, 0x1f, 0xff, 0xff, 0x0, 0x7,
    0xfe, 0xff, 0xe0, 0x1, 0xff, 0x9f, 0xf8, 0x0,
    0xff, 0xe7, 0xfe, 0x0, 0x3f, 0xf9, 0xff, 0x80,
    0xf, 0xfe, 0x7f, 0xe0, 0x3, 0xff, 0x1f, 0xfc,
    0x0, 0xff, 0xc3, 0xff, 0x0, 0x3f, 0xf0, 0xff,
    0xc0, 0x1f, 0xfc, 0x3f, 0xf0, 0x7, 0xff, 0xf,
    0xfc, 0x1, 0xff, 0x83, 0xff, 0x0, 0x7f, 0xe0,
    0x7f, 0xe0, 0x1f, 0xf8, 0x1f, 0xf8, 0x7, 0xfe,
    0x7, 0xfe, 0x3, 0xff, 0x81, 0xff, 0x80, 0xff,
    0xc0, 0x7f, 0xe0, 0x3f, 0xf0, 0x1f, 0xf8, 0xf,
    0xfc, 0x3, 0xff, 0x3, 0xff, 0x0, 0xff, 0xc0,
    0xff, 0xc0, 0x3f, 0xf0, 0x7f, 0xf0, 0xf, 0xfc,
    0x1f, 0xf8, 0x3, 0xff, 0x7, 0xfe, 0x0, 0x7f,
    0xc1, 0xff, 0x80, 0x1f, 0xf8, 0x7f, 0xe0, 0x7,
    0xfe, 0x1f, 0xf8, 0x1, 0xff, 0x8f, 0xfc, 0x0,
    0x7f, 0xe3, 0xff, 0x0, 0xf, 0xf8, 0xff, 0xc0,
    0x3, 0xfe, 0x3f, 0xf0, 0x0, 0xff, 0xcf, 0xfc,
    0x0, 0x3f, 0xf3, 0xfe, 0x0, 0xf, 0xfc, 0xff,
    0x80, 0x1, 0xff, 0x7f, 0xe0, 0x0, 0x7f, 0xdf,
    0xf8, 0x0, 0x1f, 0xff, 0xfe, 0x0, 0x7, 0xff,
    0xff, 0x0, 0x1, 0xff, 0xff, 0xc0, 0x0, 0x3f,
    0xff, 0xf0, 0x0, 0xf, 0xff, 0xfc, 0x0, 0x3,
    0xff, 0xff, 0x0, 0x0, 0xff, 0xff, 0xc0, 0x0,
    0x3f, 0xff, 0xe0, 0x0, 0xf, 0xff, 0xf8, 0x0,
    0x1, 0xff, 0xfe, 0x0, 0x0, 0x7f, 0xff, 0x80,
    0x0, 0x1f, 0xff, 0xe0, 0x0, 0x7, 0xff, 0xf0,
    0x0, 0x1, 0xff, 0xfc, 0x0, 0x0, 0x3f, 0xff,
    0x0, 0x0, 0xf, 0xff, 0xc0, 0x0, 0x3, 0xff,
    0xf0, 0x0, 0x0, 0xff, 0xf8, 0x0, 0x0, 0x3f,
    0xfe, 0x0, 0x0, 0x7, 0xff, 0x80, 0x0,

    /* U+0057 "W" */
    0xff, 0xc0, 0x1f, 0xe0, 0x7, 0xff, 0xff, 0x80,
    0x3f, 0xe0, 0x1f, 0xfb, 0xff, 0x0, 0x7f, 0xc0,
    0x3f, 0xf3, 0xff, 0x0, 0xff, 0x80, 0x7f, 0xe7,
    0xfe, 0x1, 0xff, 0x0, 0xff, 0xcf, 0xfc, 0x3,
    0xfe, 0x1, 0xff, 0x9f, 0xf8, 0xf, 0xfc, 0x3,
    0xff, 0x3f, 0xf0, 0x1f, 0xf8, 0x7, 0xfe, 0x7f,
    0xe0, 0x3f, 0xf8, 0xf, 0xfc, 0xff, 0xc0, 0x7f,
    0xf0, 0x1f, 0xf1, 0xff, 0x80, 0xff, 0xe0, 0x7f,
    0xe1, 0xff, 0x1, 0xff, 0xc0, 0xff, 0xc3, 0xff,
    0x3, 0xff, 0x81, 0xff, 0x87, 0xfe, 0xf, 0xff,
    0x3, 0xff, 0xf, 0xfc, 0x1f, 0xfe, 0x7, 0xfe,
    0x1f, 0xf8, 0x3f, 0xfe, 0xf, 0xfc, 0x3f, 0xf0,
    0x7f, 0xfc, 0x1f, 0xf0, 0x7f, 0xe0, 0xff, 0xf8,
    0x3f, 0xe0, 0xff, 0xc1, 0xff, 0xf0, 0x7f, 0xc0,
    0xff, 0x87, 0xff, 0xe1, 0xff, 0x81, 0xff, 0x8f,
    0xff, 0xc3, 0xff, 0x3, 0xff, 0x1f, 0xff, 0xc7,
    0xfe, 0x7, 0xfe, 0x3f, 0xbf, 0x8f, 0xfc, 0xf,
    0xfc, 0x7f, 0x7f, 0x1f, 0xf8, 0x1f, 0xf8, 0xfe,
    0xfe, 0x3f, 0xe0, 0x3f, 0xf1, 0xfd, 0xfc, 0x7f,
    0xc0, 0x3f, 0xe7, 0xfb, 0xf8, 0xff, 0x80, 0x7f,
    0xcf, 0xe7, 0xf1, 0xff, 0x0, 0xff, 0x9f, 0xcf,
    0xf7, 0xfe, 0x1, 0xff, 0xbf, 0x8f, 0xef, 0xfc,
    0x3, 0xff, 0x7f, 0x1f, 0xdf, 0xf8, 0x7, 0xfe,
    0xfe, 0x3f, 0xbf, 0xf0, 0xf, 0xfd, 0xfc, 0x7f,
    0x7f, 0xc0, 0x1f, 0xff, 0xf8, 0xfe, 0xff, 0x80,
    0x1f, 0xff, 0xe1, 0xfd, 0xff, 0x0, 0x3f, 0xff,
    0xc1, 0xff, 0xfe, 0x0, 0x7f, 0xff, 0x83, 0xff,
    0xfc, 0x0, 0xff, 0xff, 0x7, 0xff, 0xf8, 0x1,
    0xff, 0xfe, 0xf, 0xff, 0xf0, 0x3, 0xff, 0xfc,
    0x1f, 0xff, 0xe0, 0x7, 0xff, 0xf8, 0x3f, 0xff,
    0x80, 0xf, 0xff, 0xe0, 0x7f, 0xff, 0x0, 0xf,
    0xff, 0xc0, 0x7f, 0xfe, 0x0, 0x1f, 0xff, 0x80,
    0xff, 0xfc, 0x0, 0x3f, 0xff, 0x1, 0xff, 0xf8,
    0x0, 0x7f, 0xfe, 0x3, 0xff, 0xf0, 0x0, 0xff,
    0xfc, 0x7, 0xff, 0xe0, 0x1, 0xff, 0xf8, 0xf,
    0xff, 0x80, 0x3, 0xff, 0xe0, 0xf, 0xff, 0x0,
    0x3, 0xff, 0xc0, 0x1f, 0xfe, 0x0, 0x7, 0xff,
    0x80, 0x3f, 0xfc, 0x0, 0xf, 0xff, 0x0, 0x7f,
    0xf8, 0x0, 0x1f, 0xfe, 0x0, 0xff, 0xf0, 0x0,
    0x3f, 0xfc, 0x1, 0xff, 0xe0, 0x0, 0x7f, 0xf0,
    0x3, 0xff, 0xc0, 0x0, 0xff, 0xe0, 0x3, 0xff,
    0x0, 0x1, 0xff, 0xc0, 0x7, 0xfe, 0x0, 0x1,
    0xff, 0x80, 0xf, 0xfc, 0x0,

    /* U+0058 "X" */
    0xff, 0xe0, 0x0, 0xff, 0xcf, 0xfe, 0x0, 0x3f,
    0xf1, 0xff, 0xc0, 0x7, 0xfe, 0x3f, 0xfc, 0x0,
    0xff, 0xc3, 0xff, 0x80, 0x3f, 0xf0, 0x7f, 0xf8,
    0x7, 0xfe, 0x7, 0xff, 0x0, 0xff, 0xc0, 0xff,
    0xe0, 0x3f, 0xf0, 0x1f, 0xfe, 0x7, 0xfe, 0x1,
    0xff, 0xc0, 0xff, 0xc0, 0x3f, 0xfc, 0x3f, 0xf0,
    0x3, 0xff, 0x87, 0xfe, 0x0, 0x7f, 0xf0, 0xff,
    0xc0, 0x7, 0xff, 0x3f, 0xf0, 0x0, 0xff, 0xe7,
    0xfe, 0x0, 0x1f, 0xfe, 0xff, 0x80, 0x1, 0xff,
    0xff, 0xf0, 0x0, 0x3f, 0xff, 0xfe, 0x0, 0x3,
    0xff, 0xff, 0x80, 0x0, 0x7f, 0xff, 0xf0, 0x0,
    0xf, 0xff, 0xfe, 0x0, 0x0, 0xff, 0xff, 0x80,
    0x0, 0x1f, 0xff, 0xf0, 0x0, 0x1, 0xff, 0xfe,
    0x0, 0x0, 0x3f, 0xff, 0x80, 0x0, 0x7, 0xff,
    0xf0, 0x0, 0x0, 0x7f, 0xfe, 0x0, 0x0, 0xf,
    0xff, 0x80, 0x0, 0x1, 0xff, 0xf0, 0x0, 0x0,
    0x7f, 0xfc, 0x0, 0x0, 0xf, 0xff, 0xc0, 0x0,
    0x3, 0xff, 0xf8, 0x0, 0x0, 0x7f, 0xff, 0x0,
    0x0, 0xf, 0xff, 0xf0, 0x0, 0x3, 0xff, 0xfe,
    0x0, 0x0, 0x7f, 0xff, 0xe0, 0x0, 0xf, 0xff,
    0xfc, 0x0, 0x3, 0xff, 0xff, 0xc0, 0x0, 0x7f,
    0xff, 0xf8, 0x0, 0x1f, 0xff, 0xff, 0x0, 0x3,
    0xff, 0x7f, 0xf0, 0x0, 0x7f, 0xef, 0xfe, 0x0,
    0x1f, 0xf9, 0xff, 0xe0, 0x3, 0xff, 0x1f, 0xfc,
    0x0, 0x7f, 0xe3, 0xff, 0x80, 0x1f, 0xf8, 0x3f,
    0xf8, 0x3, 0xff, 0x7, 0xff, 0x0, 0xff, 0xc0,
    0x7f, 0xf0, 0x1f, 0xf8, 0xf, 0xfe, 0x3, 0xff,
    0x1, 0xff, 0xe0, 0xff, 0xc0, 0x1f, 0xfc, 0x1f,
    0xf8, 0x3, 0xff, 0x83, 0xff, 0x0, 0x3f, 0xf8,
    0xff, 0xc0, 0x7, 0xff, 0x1f, 0xf8, 0x0, 0xff,
    0xf7, 0xff, 0x0, 0xf, 0xfe, 0xff, 0xc0, 0x1,
    0xff, 0xdf, 0xf8, 0x0, 0x1f, 0xfc,

    /* U+0059 "Y" */
    0xff, 0xe0, 0x3, 0xff, 0xff, 0xf0, 0x1, 0xff,
    0xff, 0xfc, 0x0, 0xff, 0xcf, 0xfe, 0x0, 0xff,
    0xe7, 0xff, 0x0, 0x7f, 0xf3, 0xff, 0x80, 0x3f,
    0xf0, 0xff, 0xe0, 0x1f, 0xf8, 0x7f, 0xf0, 0x1f,
    0xfc, 0x3f, 0xf8, 0xf, 0xfe, 0xf, 0xfe, 0x7,
    0xfe, 0x7, 0xff, 0x3, 0xff, 0x3, 0xff, 0x83,
    0xff, 0x80, 0xff, 0xc1, 0xff, 0x80, 0x7f, 0xf0,
    0xff, 0xc0, 0x3f, 0xf8, 0xff, 0xe0, 0xf, 0xfc,
    0x7f, 0xe0, 0x7, 0xff, 0x3f, 0xf0, 0x3, 0xff,
    0x9f, 0xf8, 0x0, 0xff, 0xdf, 0xf8, 0x0, 0x7f,
    0xff, 0xfc, 0x0, 0x3f, 0xff, 0xfe, 0x0, 0xf,
    0xff, 0xfe, 0x0, 0x7, 0xff, 0xff, 0x0, 0x3,
    0xff, 0xff, 0x80, 0x0, 0xff, 0xff, 0x80, 0x0,
    0x7f, 0xff, 0xc0, 0x0, 0x3f, 0xff, 0xe0, 0x0,
    0xf, 0xff, 0xe0, 0x0, 0x7, 0xff, 0xf0, 0x0,
    0x3, 0xff, 0xf8, 0x0, 0x0, 0xff, 0xf8, 0x0,
    0x0, 0x7f, 0xfc, 0x0, 0x0, 0x3f, 0xfe, 0x0,
    0x0, 0xf, 0xff, 0x0, 0x0, 0x7, 0xff, 0x0,
    0x0, 0x3, 0xff, 0x80, 0x0, 0x1, 0xff, 0xc0,
    0x0, 0x0, 0xff, 0xe0, 0x0, 0x0, 0x7f, 0xf0,
    0x0, 0x0, 0x3f, 0xf8, 0x0, 0x0, 0x1f, 0xfc,
    0x0, 0x0, 0xf, 0xfe, 0x0, 0x0, 0x7, 0xff,
    0x0, 0x0, 0x3, 0xff, 0x80, 0x0, 0x1, 0xff,
    0xc0, 0x0, 0x0, 0xff, 0xe0, 0x0, 0x0, 0x7f,
    0xf0, 0x0, 0x0, 0x3f, 0xf8, 0x0, 0x0, 0x1f,
    0xfc, 0x0, 0x0, 0xf, 0xfe, 0x0, 0x0, 0x7,
    0xff, 0x0, 0x0, 0x3, 0xff, 0x80, 0x0, 0x1,
    0xff, 0xc0, 0x0, 0x0, 0xff, 0xe0, 0x0, 0x0,
    0x7f, 0xf0, 0x0, 0x0, 0x3f, 0xf8, 0x0, 0x0,
    0x1f, 0xfc, 0x0, 0x0, 0xf, 0xfe, 0x0, 0x0,

    /* U+005A "Z" */
    0x7f, 0xff, 0xff, 0xef, 0xff, 0xff, 0xfd, 0xff,
    0xff, 0xff, 0xbf, 0xff, 0xff, 0xf7, 0xff, 0xff,
    0xfe, 0xff, 0xff, 0xff, 0xdf, 0xff, 0xff, 0xfb,
    0xff, 0xff, 0xff, 0x0, 0x1, 0xff, 0xc0, 0x0,
    0x3f, 0xf8, 0x0, 0xf, 0xff, 0x0, 0x1, 0xff,
    0xc0, 0x0, 0x3f, 0xf8, 0x0, 0xf, 0xff, 0x0,
    0x1, 0xff, 0xc0, 0x0, 0x7f, 0xf8, 0x0, 0xf,
    0xfe, 0x0, 0x1, 0xff, 0xc0, 0x0, 0x7f, 0xf8,
    0x0, 0xf, 0xfe, 0x0, 0x1, 0xff, 0xc0, 0x0,
    0x7f, 0xf8, 0x0, 0xf, 0xfe, 0x0, 0x1, 0xff,
    0xc0, 0x0, 0x7f, 0xf8, 0x0, 0xf, 0xfe, 0x0,
    0x1, 0xff, 0xc0, 0x0, 0x7f, 0xf8, 0x0, 0xf,
    0xfe, 0x0, 0x3, 0xff, 0xc0, 0x0, 0x7f, 0xf8,
    0x0, 0xf, 0xfe, 0x0, 0x3, 0xff, 0xc0, 0x0,
    0x7f, 0xf8, 0x0, 0xf, 0xfe, 0x0, 0x3, 0xff,
    0xc0, 0x0, 0x7f, 0xf0, 0x0, 0xf, 0xfe, 0x0,
    0x3, 0xff, 0xc0, 0x0, 0x7f, 0xf0, 0x0, 0xf,
    0xfe, 0x0, 0x3, 0xff, 0xc0, 0x0, 0x7f, 0xf0,
    0x0, 0xf, 0xfe, 0x0, 0x3, 0xff, 0xc0, 0x0,
    0x7f, 0xf0, 0x0, 0x1f, 0xfe, 0x0, 0x3, 0xff,
    0xc0, 0x0, 0x7f, 0xf0, 0x0, 0x1f, 0xfe, 0x0,
    0x3, 0xff, 0xff, 0xff, 0xff, 0xff, 0xff, 0xff,
    0xff, 0xff, 0xff, 0xff, 0xff, 0xff, 0xff, 0xff,
    0xff, 0xff, 0xff, 0xff, 0xff, 0xff, 0xff, 0xff,
    0xff, 0xff, 0xff, 0xfc,

    /* U+005B "[" */
    0xff, 0xff, 0xff, 0xff, 0xff, 0xff, 0xff, 0xff,
    0xff, 0xff, 0x80, 0x3f, 0xe0, 0xf, 0xf8, 0x3,
    0xfe, 0x0, 0xff, 0x80, 0x3f, 0xe0, 0xf, 0xf8,
    0x3, 0xfe, 0x0, 0xff, 0x80, 0x3f, 0xe0, 0xf,
    0xf8, 0x3, 0xfe, 0x0, 0xff, 0x80, 0x3f, 0xe0,
    0xf, 0xf8, 0x3, 0xfe, 0x0, 0xff, 0x80, 0x3f,
    0xe0, 0xf, 0xf8, 0x3, 0xfe, 0x0, 0xff, 0x80,
    0x3f, 0xe0, 0xf, 0xf8, 0x3, 0xfe, 0x0, 0xff,
    0x80, 0x3f, 0xe0, 0xf, 0xf8, 0x3, 0xfe, 0x0,
    0xff, 0x80, 0x3f, 0xe0, 0xf, 0xf8, 0x3, 0xfe,
    0x0, 0xff, 0x80, 0x3f, 0xe0, 0xf, 0xf8, 0x3,
    0xfe, 0x0, 0xff, 0x80, 0x3f, 0xe0, 0xf, 0xf8,
    0x3, 0xfe, 0x0, 0xff, 0x80, 0x3f, 0xe0, 0xf,
    0xf8, 0x3, 0xfe, 0x0, 0xff, 0x80, 0x3f, 0xe0,
    0xf, 0xf8, 0x3, 0xfe, 0x0, 0xff, 0x80, 0x3f,
    0xe0, 0xf, 0xf8, 0x3, 0xfe, 0x0, 0xff, 0x80,
    0x3f, 0xe0, 0xf, 0xf8, 0x3, 0xfe, 0x0, 0xff,
    0x80, 0x3f, 0xe0, 0xf, 0xf8, 0x3, 0xfe, 0x0,
    0xff, 0x80, 0x3f, 0xe0, 0xf, 0xf8, 0x3, 0xff,
    0xff, 0xff, 0xff, 0xff, 0xff, 0xff, 0xff, 0xfc,

    /* U+005C "\\" */
    0xfc, 0x0, 0x0, 0xfe, 0x0, 0x0, 0x7e, 0x0,
    0x0, 0x7e, 0x0, 0x0, 0x7f, 0x0, 0x0, 0x3f,
    0x0, 0x0, 0x3f, 0x0, 0x0, 0x3f, 0x80, 0x0,
    0x3f, 0x80, 0x0, 0x1f, 0x80, 0x0, 0x1f, 0x80,
    0x0, 0x1f, 0xc0, 0x0, 0xf, 0xc0, 0x0, 0xf,
    0xc0, 0x0, 0xf, 0xe0, 0x0, 0x7, 0xe0, 0x0,
    0x7, 0xe0, 0x0, 0x7, 0xf0, 0x0, 0x7, 0xf0,
    0x0, 0x3, 0xf0, 0x0, 0x3, 0xf0, 0x0, 0x3,
    0xf8, 0x0, 0x1, 0xf8, 0x0, 0x1, 0xf8, 0x0,
    0x1, 0xfc, 0x0, 0x0, 0xfc, 0x0, 0x0, 0xfc,
    0x0, 0x0, 0xfe, 0x0, 0x0, 0xfe, 0x0, 0x0,
    0x7e, 0x0, 0x0, 0x7e, 0x0, 0x0, 0x7f, 0x0,
    0x0, 0x3f, 0x0, 0x0, 0x3f, 0x0, 0x0, 0x3f,
    0x80, 0x0, 0x1f, 0x80, 0x0, 0x1f, 0x80, 0x0,
    0x1f, 0xc0, 0x0, 0x1f, 0xc0, 0x0, 0xf, 0xc0,
    0x0, 0xf, 0xc0, 0x0, 0xf, 0xe0, 0x0, 0x7,
    0xe0, 0x0, 0x7, 0xe0, 0x0, 0x7, 0xf0, 0x0,
    0x3, 0xf0, 0x0, 0x3, 0xf0, 0x0, 0x3, 0xf8,
    0x0, 0x3, 0xf8, 0x0, 0x1, 0xf8, 0x0, 0x1,
    0xf8, 0x0, 0x1, 0xfc, 0x0, 0x0, 0xfc, 0x0,
    0x0, 0xfc, 0x0, 0x0, 0xfe, 0x0, 0x0, 0x7e,
    0x0, 0x0, 0x7e, 0x0, 0x0, 0x7f,

    /* U+005D "]" */
    0xff, 0xff, 0xff, 0xff, 0xff, 0xff, 0xff, 0xff,
    0xff, 0x0, 0x7f, 0xc0, 0x1f, 0xf0, 0x7, 0xfc,
    0x1, 0xff, 0x0, 0x7f, 0xc0, 0x1f, 0xf0, 0x7,
    0xfc, 0x1, 0xff, 0x0, 0x7f, 0xc0, 0x1f, 0xf0,
    0x7, 0xfc, 0x1, 0xff, 0x0, 0x7f, 0xc0, 0x1f,
    0xf0, 0x7, 0xfc, 0x1, 0xff, 0x0, 0x7f, 0xc0,
    0x1f, 0xf0, 0x7, 0xfc, 0x1, 0xff, 0x0, 0x7f,
    0xc0, 0x1f, 0xf0, 0x7, 0xfc, 0x1, 0xff, 0x0,
    0x7f, 0xc0, 0x1f, 0xf0, 0x7, 0xfc, 0x1, 0xff,
    0x0, 0x7f, 0xc0, 0x1f, 0xf0, 0x7, 0xfc, 0x1,
    0xff, 0x0, 0x7f, 0xc0, 0x1f, 0xf0, 0x7, 0xfc,
    0x1, 0xff, 0x0, 0x7f, 0xc0, 0x1f, 0xf0, 0x7,
    0xfc, 0x1, 0xff, 0x0, 0x7f, 0xc0, 0x1f, 0xf0,
    0x7, 0xfc, 0x1, 0xff, 0x0, 0x7f, 0xc0, 0x1f,
    0xf0, 0x7, 0xfc, 0x1, 0xff, 0x0, 0x7f, 0xc0,
    0x1f, 0xf0, 0x7, 0xfc, 0x1, 0xff, 0x0, 0x7f,
    0xc0, 0x1f, 0xf0, 0x7, 0xfc, 0x1, 0xff, 0x0,
    0x7f, 0xc0, 0x1f, 0xf0, 0x7, 0xfc, 0x1, 0xff,
    0x0, 0x7f, 0xc0, 0x1f, 0xf0, 0x7, 0xff, 0xff,
    0xff, 0xff, 0xff, 0xff, 0xff, 0xff, 0xff, 0xfc,

    /* U+005E "^" */
    0x0, 0x3f, 0xe0, 0x0, 0x0, 0xff, 0xc0, 0x0,
    0x3, 0xff, 0x0, 0x0, 0x1f, 0xfe, 0x0, 0x0,
    0x7f, 0xf8, 0x0, 0x3, 0xff, 0xe0, 0x0, 0xf,
    0xff, 0xc0, 0x0, 0x7f, 0xff, 0x0, 0x1, 0xff,
    0xfe, 0x0, 0xf, 0xff, 0xf8, 0x0, 0x3f, 0xff,
    0xf0, 0x0, 0xff, 0x3f, 0xc0, 0x7, 0xfc, 0xff,
    0x80, 0x1f, 0xe3, 0xfe, 0x0, 0xff, 0x87, 0xf8,
    0x3, 0xfe, 0x1f, 0xf0, 0x1f, 0xf0, 0x7f, 0xc0,
    0x7f, 0xc0, 0xff, 0x81, 0xff, 0x3, 0xfe, 0xf,
    0xf8, 0x7, 0xfc, 0x3f, 0xe0, 0x1f, 0xf1, 0xff,
    0x0, 0x7f, 0xc7, 0xfc, 0x0, 0xff, 0xbf, 0xf0,
    0x3, 0xfe,

    /* U+005F "_" */
    0xff, 0xff, 0xff, 0xff, 0xff, 0xff, 0xff, 0xff,
    0xff, 0xff, 0xff, 0xff, 0xff, 0xff, 0xff, 0xff,
    0xff, 0xff, 0xff, 0xff, 0xff, 0xff, 0xfc,

    /* U+0060 "`" */
    0xff, 0xe0, 0x7f, 0xf0, 0x3f, 0xf0, 0x3f, 0xf0,
    0x1f, 0xf8, 0xf, 0xf8, 0xf, 0xf8, 0x7, 0xfc,
    0x7, 0xfc, 0x3, 0xfc, 0x1, 0xfc, 0x1, 0xfe,
    0x0, 0xfe, 0x0, 0x7e,

    /* U+0061 "a" */
    0x0, 0x1, 0x0, 0x0, 0x3, 0xff, 0xc0, 0x0,
    0x7f, 0xff, 0x80, 0xf, 0xff, 0xfe, 0x0, 0xff,
    0xff, 0xf8, 0xf, 0xff, 0xff, 0xe0, 0x7f, 0xff,
    0xff, 0x87, 0xff, 0xff, 0xfc, 0x3f, 0xff, 0xff,
    0xe1, 0xff, 0xc7, 0xff, 0x9f, 0xfc, 0x1f, 0xfc,
    0xff, 0xe0, 0xff, 0xe7, 0xff, 0x7, 0xff, 0x3f,
    0xf8, 0x3f, 0xf9, 0xff, 0xc1, 0xff, 0xc0, 0x0,
    0xf, 0xfe, 0x0, 0x0, 0x7f, 0xf0, 0x0, 0xf,
    0xff, 0x80, 0x3, 0xff, 0xfc, 0x0, 0x7f, 0xff,
    0xe0, 0xf, 0xff, 0xff, 0x1, 0xff, 0xff, 0xf8,
    0x1f, 0xfd, 0xff, 0xc1, 0xff, 0x8f, 0xfe, 0x1f,
    0xf8, 0x7f, 0xf1, 0xff, 0x83, 0xff, 0x9f, 0xf8,
    0x1f, 0xfc, 0xff, 0xc0, 0xff, 0xe7, 0xfc, 0x7,
    0xff, 0x7f, 0xe0, 0x3f, 0xfb, 0xff, 0x1, 0xff,
    0xdf, 0xf8, 0xf, 0xfe, 0xff, 0xc0, 0x7f, 0xf7,
    0xfe, 0x3, 0xff, 0xbf, 0xf8, 0x3f, 0xfd, 0xff,
    0xff, 0xff, 0xe7, 0xff, 0xff, 0xff, 0x3f, 0xff,
    0xdf, 0xf8, 0xff, 0xfe, 0xff, 0xc3, 0xff, 0xe7,
    0xfe, 0xf, 0xfe, 0x3f, 0xf0, 0x3f, 0xe1, 0xff,
    0xc0, 0x10, 0x0, 0x0,

    /* U+0062 "b" */
    0xff, 0xe0, 0x0, 0x7, 0xff, 0x0, 0x0, 0x3f,
    0xf8, 0x0, 0x1, 0xff, 0xc0, 0x0, 0xf, 0xfe,
    0x0, 0x0, 0x7f, 0xf0, 0x0, 0x3, 0xff, 0x80,
    0x0, 0x1f, 0xfc, 0x0, 0x0, 0xff, 0xe0, 0x0,
    0x7, 0xff, 0x0, 0x0, 0x3f, 0xf8, 0x0, 0x1,
    0xff, 0xc0, 0x0, 0xf, 0xfe, 0x0, 0x0, 0x7f,
    0xf0, 0x0, 0x3, 0xff, 0x80, 0x0, 0x1f, 0xfc,
    0x0, 0x0, 0xff, 0xe0, 0x0, 0x7, 0xff, 0xf,
    0xf8, 0x3f, 0xf9, 0xff, 0xe1, 0xff, 0xdf, 0xff,
    0x8f, 0xff, 0xff, 0xfe, 0x7f, 0xff, 0xff, 0xfb,
    0xff, 0xff, 0xff, 0xdf, 0xff, 0x9f, 0xfe, 0xff,
    0xe0, 0x7f, 0xff, 0xff, 0x1, 0xff, 0xff, 0xf8,
    0xf, 0xff, 0xff, 0xc0, 0x7f, 0xff, 0xfe, 0x3,
    0xff, 0xff, 0xf0, 0x1f, 0xff, 0xff, 0x80, 0xff,
    0xff, 0xfc, 0x7, 0xff, 0xff, 0xe0, 0x3f, 0xff,
    0xff, 0x1, 0xff, 0xff, 0xf8, 0xf, 0xff, 0xff,
    0xc0, 0x7f, 0xff, 0xfe, 0x3, 0xff, 0xff, 0xf0,
    0x1f, 0xff, 0xff, 0x80, 0xff, 0xff, 0xfc, 0x7,
    0xff, 0xff, 0xe0, 0x3f, 0xff, 0xff, 0x1, 0xff,
    0xff, 0xf8, 0xf, 0xff, 0xff, 0xc0, 0x7f, 0xff,
    0xfe, 0x3, 0xff, 0xff, 0xf0, 0x1f, 0xff, 0xff,
    0x80, 0xff, 0xff, 0xfc, 0x7, 0xff, 0xff, 0xe0,
    0x3f, 0xff, 0xff, 0x3, 0xff, 0xff, 0xf8, 0x1f,
    0xfd, 0xff, 0xfb, 0xff, 0xef, 0xff, 0xff, 0xff,
    0x7f, 0xff, 0xff, 0xf3, 0xff, 0xff, 0xff, 0x9f,
    0xfd, 0xff, 0xf8, 0xff, 0xe7, 0xff, 0x87, 0xff,
    0xf, 0xf8, 0x0, 0x0, 0x4, 0x0,

    /* U+0063 "c" */
    0x0, 0x0, 0x0, 0x0, 0xf, 0xff, 0x80, 0x3,
    0xff, 0xfe, 0x0, 0xff, 0xff, 0xf8, 0x1f, 0xff,
    0xff, 0x83, 0xff, 0xff, 0xfc, 0x3f, 0xff, 0xff,
    0xe7, 0xff, 0xff, 0xfe, 0x7f, 0xf0, 0xff, 0xe7,
    0xfe, 0x7, 0xff, 0xff, 0xe0, 0x7f, 0xff, 0xfe,
    0x7, 0xff, 0xff, 0xe0, 0x7f, 0xff, 0xfe, 0x7,
    0xff, 0xff, 0xe0, 0x7f, 0xff, 0xfe, 0x7, 0xff,
    0xff, 0xe0, 0x7f, 0xff, 0xfe, 0x0, 0x0, 0xff,
    0xe0, 0x0, 0xf, 0xfe, 0x0, 0x0, 0xff, 0xe0,
    0x0, 0xf, 0xfe, 0x0, 0x0, 0xff, 0xe0, 0x0,
    0xf, 0xfe, 0x0, 0x0, 0xff, 0xe0, 0x0, 0xf,
    0xfe, 0x0, 0x0, 0xff, 0xe0, 0x7f, 0xff, 0xfe,
    0x7, 0xff, 0xff, 0xe0, 0x7f, 0xff, 0xfe, 0x7,
    0xff, 0xff, 0xe0, 0x7f, 0xff, 0xfe, 0x7, 0xff,
    0xff, 0xe0, 0x7f, 0xf7, 0xfe, 0x7, 0xff, 0x7f,
    0xf0, 0xff, 0xe7, 0xff, 0xff, 0xfe, 0x3f, 0xff,
    0xff, 0xe1, 0xff, 0xff, 0xfc, 0x1f, 0xff, 0xff,
    0x80, 0xff, 0xff, 0xf0, 0x3, 0xff, 0xfe, 0x0,
    0xf, 0xff, 0x80, 0x0, 0x6, 0x0, 0x0,

    /* U+0064 "d" */
    0x0, 0x0, 0x3f, 0xf8, 0x0, 0x1, 0xff, 0xc0,
    0x0, 0xf, 0xfe, 0x0, 0x0, 0x7f, 0xf0, 0x0,
    0x3, 0xff, 0x80, 0x0, 0x1f, 0xfc, 0x0, 0x0,
    0xff, 0xe0, 0x0, 0x7, 0xff, 0x0, 0x0, 0x3f,
    0xf8, 0x0, 0x1, 0xff, 0xc0, 0x0, 0xf, 0xfe,
    0x0, 0x0, 0x7f, 0xf0, 0x0, 0x3, 0xff, 0x80,
    0x0, 0x1f, 0xfc, 0x0, 0x0, 0xff, 0xe0, 0x0,
    0x7, 0xff, 0x0, 0x0, 0x3f, 0xf8, 0x1f, 0xe1,
    0xff, 0xc3, 0xff, 0xcf, 0xfe, 0x3f, 0xff, 0xff,
    0xf3, 0xff, 0xff, 0xff, 0x9f, 0xff, 0xff, 0xfd,
    0xff, 0xff, 0xff, 0xef, 0xff, 0xbf, 0xff, 0x7f,
    0xf0, 0x3f, 0xff, 0xff, 0x81, 0xff, 0xff, 0xf8,
    0xf, 0xff, 0xff, 0xc0, 0x7f, 0xff, 0xfe, 0x3,
    0xff, 0xff, 0xf0, 0x1f, 0xff, 0xff, 0x80, 0xff,
    0xff, 0xfc, 0x7, 0xff, 0xff, 0xe0, 0x3f, 0xff,
    0xff, 0x1, 0xff, 0xff, 0xf8, 0xf, 0xff, 0xff,
    0xc0, 0x7f, 0xff, 0xfe, 0x3, 0xff, 0xff, 0xf0,
    0x1f, 0xff, 0xff, 0x80, 0xff, 0xff, 0xfc, 0x7,
    0xff, 0xff, 0xe0, 0x3f, 0xff, 0xff, 0x1, 0xff,
    0xff, 0xf8, 0xf, 0xff, 0xff, 0xc0, 0x7f, 0xff,
    0xfe, 0x3, 0xff, 0xff, 0xf0, 0x1f, 0xff, 0xff,
    0x80, 0xff, 0xff, 0xfc, 0x7, 0xff, 0xff, 0xe0,
    0x3f, 0xff, 0xff, 0x1, 0xff, 0xff, 0xfc, 0xf,
    0xfe, 0xff, 0xf3, 0xff, 0xf7, 0xff, 0xff, 0xff,
    0x9f, 0xff, 0xff, 0xfc, 0xff, 0xff, 0xff, 0xe3,
    0xff, 0xf7, 0xff, 0xf, 0xff, 0x3f, 0xf8, 0x3f,
    0xe1, 0xff, 0xc0, 0x18, 0x0, 0x0,

    /* U+0065 "e" */
    0x0, 0x0, 0x0, 0x0, 0x1f, 0xfe, 0x0, 0xf,
    0xff, 0xf0, 0x7, 0xff, 0xff, 0x1, 0xff, 0xff,
    0xf0, 0x7f, 0xff, 0xff, 0xf, 0xff, 0xff, 0xe3,
    0xff, 0xff, 0xfe, 0x7f, 0xff, 0xff, 0xcf, 0xfe,
    0x1f, 0xfb, 0xff, 0x81, 0xff, 0xff, 0xf0, 0x3f,
    0xff, 0xfe, 0x7, 0xff, 0xff, 0xc0, 0xff, 0xff,
    0xf8, 0x1f, 0xff, 0xff, 0x3, 0xff, 0xff, 0xe0,
    0x7f, 0xff, 0xff, 0xff, 0xff, 0xff, 0xff, 0xff,
    0xff, 0xff, 0xff, 0xff, 0xff, 0xff, 0xff, 0xff,
    0xff, 0xff, 0xff, 0xf8, 0x0, 0x7, 0xff, 0x0,
    0x0, 0xff, 0xe0, 0x0, 0x1f, 0xfc, 0x0, 0x3,
    0xff, 0x81, 0xff, 0xff, 0xf0, 0x3f, 0xff, 0xfe,
    0x7, 0xff, 0xff, 0xc0, 0xff, 0xff, 0xf8, 0x1f,
    0xff, 0xff, 0x3, 0xff, 0xff, 0xe0, 0x7f, 0xef,
    0xfe, 0x1f, 0xfd, 0xff, 0xff, 0xff, 0x3f, 0xff,
    0xff, 0xe3, 0xff, 0xff, 0xfc, 0x7f, 0xff, 0xff,
    0x7, 0xff, 0xff, 0xc0, 0x7f, 0xff, 0xf0, 0x3,
    0xff, 0xfc, 0x0, 0x1f, 0xfe, 0x0, 0x0, 0x18,
    0x0, 0x0,

    /* U+0066 "f" */
    0x0, 0x3f, 0xf8, 0x7, 0xff, 0xc0, 0x7f, 0xfe,
    0x7, 0xff, 0xf0, 0x7f, 0xff, 0x83, 0xff, 0xfc,
    0x1f, 0xff, 0xe1, 0xff, 0xff, 0xf, 0xff, 0x0,
    0x7f, 0xf0, 0x3, 0xff, 0x80, 0x1f, 0xfc, 0x0,
    0xff, 0xe0, 0x7, 0xff, 0x0, 0x3f, 0xf8, 0x1f,
    0xff, 0xff, 0xff, 0xff, 0xff, 0xff, 0xff, 0xff,
    0xff, 0xff, 0xff, 0xff, 0xff, 0xff, 0xff, 0xff,
    0xff, 0xfc, 0x3f, 0xf8, 0x1, 0xff, 0xc0, 0xf,
    0xfe, 0x0, 0x7f, 0xf0, 0x3, 0xff, 0x80, 0x1f,
    0xfc, 0x0, 0xff, 0xe0, 0x7, 0xff, 0x0, 0x3f,
    0xf8, 0x1, 0xff, 0xc0, 0xf, 0xfe, 0x0, 0x7f,
    0xf0, 0x3, 0xff, 0x80, 0x1f, 0xfc, 0x0, 0xff,
    0xe0, 0x7, 0xff, 0x0, 0x3f, 0xf8, 0x1, 0xff,
    0xc0, 0xf, 0xfe, 0x0, 0x7f, 0xf0, 0x3, 0xff,
    0x80, 0x1f, 0xfc, 0x0, 0xff, 0xe0, 0x7, 0xff,
    0x0, 0x3f, 0xf8, 0x1, 0xff, 0xc0, 0xf, 0xfe,
    0x0, 0x7f, 0xf0, 0x3, 0xff, 0x80, 0x1f, 0xfc,
    0x0, 0xff, 0xe0, 0x7, 0xff, 0x0, 0x3f, 0xf8,
    0x1, 0xff, 0xc0,

    /* U+0067 "g" */
    0x0, 0x0, 0x0, 0x1, 0x0, 0x0, 0x0, 0x1,
    0xc0, 0x7, 0xff, 0xc0, 0xf8, 0x7, 0xff, 0xfc,
    0x7e, 0x3, 0xff, 0xff, 0xbf, 0xc1, 0xff, 0xff,
    0xff, 0xf0, 0xff, 0xff, 0xff, 0xf0, 0x7f, 0xff,
    0xff, 0xf0, 0x1f, 0xff, 0xff, 0xf0, 0xf, 0xfe,
    0xf, 0xfe, 0x3, 0xff, 0x83, 0xff, 0x81, 0xff,
    0xc0, 0x7f, 0xe0, 0x7f, 0xf0, 0x1f, 0xfc, 0x1f,
    0xfc, 0x7, 0xff, 0x7, 0xff, 0x1, 0xff, 0xc1,
    0xff, 0xc0, 0x7f, 0xf0, 0x7f, 0xf0, 0x1f, 0xfc,
    0x1f, 0xfc, 0x7, 0xff, 0x7, 0xff, 0x1, 0xff,
    0xc1, 0xff, 0xc0, 0x7f, 0xf0, 0x7f, 0xf0, 0x1f,
    0xfc, 0xf, 0xfc, 0x7, 0xfe, 0x3, 0xff, 0x83,
    0xff, 0x80, 0xff, 0xf1, 0xff, 0xe0, 0x1f, 0xff,
    0xff, 0xf0, 0x7, 0xff, 0xff, 0xfc, 0x0, 0xff,
    0xff, 0xfe, 0x0, 0x1f, 0xff, 0xff, 0x0, 0x7,
    0xff, 0xff, 0x80, 0x3, 0xff, 0xff, 0x80, 0x1,
    0xfd, 0xff, 0x80, 0x0, 0xfe, 0x0, 0x0, 0x0,
    0x3f, 0x80, 0x0, 0x0, 0x1f, 0xf0, 0x0, 0x0,
    0x7, 0xff, 0xc0, 0x0, 0x1, 0xff, 0xff, 0xf0,
    0x0, 0x7f, 0xff, 0xff, 0xc0, 0x1f, 0xff, 0xff,
    0xfc, 0x3, 0xff, 0xff, 0xff, 0x80, 0xff, 0xff,
    0xff, 0xf0, 0x1f, 0xff, 0xff, 0xfe, 0x1, 0xff,
    0xff, 0xff, 0x80, 0x7f, 0xff, 0xff, 0xe0, 0x7f,
    0x0, 0x7f, 0xfc, 0x3f, 0xc0, 0x1, 0xff, 0x1f,
    0xe0, 0x0, 0x3f, 0xc7, 0xf8, 0x0, 0xf, 0xf3,
    0xfe, 0x0, 0x3, 0xfc, 0xff, 0xc0, 0x1, 0xff,
    0x3f, 0xfc, 0x1, 0xff, 0xcf, 0xff, 0xff, 0xff,
    0xe3, 0xff, 0xff, 0xff, 0xf8, 0x7f, 0xff, 0xff,
    0xfc, 0x1f, 0xff, 0xff, 0xff, 0x3, 0xff, 0xff,
    0xff, 0x80, 0x7f, 0xff, 0xff, 0x80, 0x7, 0xff,
    0xff, 0x80, 0x0, 0x1f, 0xfe, 0x0, 0x0,

    /* U+0068 "h" */
    0xff, 0xe0, 0x0, 0xf, 0xfe, 0x0, 0x0, 0xff,
    0xe0, 0x0, 0xf, 0xfe, 0x0, 0x0, 0xff, 0xe0,
    0x0, 0xf, 0xfe, 0x0, 0x0, 0xff, 0xe0, 0x0,
    0xf, 0xfe, 0x0, 0x0, 0xff, 0xe0, 0x0, 0xf,
    0xfe, 0x0, 0x0, 0xff, 0xe0, 0x0, 0xf, 0xfe,
    0x0, 0x0, 0xff, 0xe0, 0x0, 0xf, 0xfe, 0x0,
    0x0, 0xff, 0xe0, 0x0, 0xf, 0xfe, 0x0, 0x0,
    0xff, 0xe0, 0x0, 0xf, 0xfe, 0xf, 0xf8, 0xff,
    0xe3, 0xff, 0xcf, 0xfe, 0x7f, 0xfc, 0xff, 0xff,
    0xff, 0xef, 0xff, 0xff, 0xfe, 0xff, 0xff, 0xff,
    0xff, 0xff, 0xff, 0xff, 0xff, 0xfc, 0xff, 0xff,
    0xff, 0x7, 0xff, 0xff, 0xe0, 0x7f, 0xff, 0xfe,
    0x7, 0xff, 0xff, 0xe0, 0x7f, 0xff, 0xfe, 0x7,
    0xff, 0xff, 0xe0, 0x7f, 0xff, 0xfe, 0x7, 0xff,
    0xff, 0xe0, 0x7f, 0xff, 0xfe, 0x7, 0xff, 0xff,
    0xe0, 0x7f, 0xff, 0xfe, 0x7, 0xff, 0xff, 0xe0,
    0x7f, 0xff, 0xfe, 0x7, 0xff, 0xff, 0xe0, 0x7f,
    0xff, 0xfe, 0x7, 0xff, 0xff, 0xe0, 0x7f, 0xff,
    0xfe, 0x7, 0xff, 0xff, 0xe0, 0x7f, 0xff, 0xfe,
    0x7, 0xff, 0xff, 0xe0, 0x7f, 0xff, 0xfe, 0x7,
    0xff, 0xff, 0xe0, 0x7f, 0xff, 0xfe, 0x7, 0xff,
    0xff, 0xe0, 0x7f, 0xff, 0xfe, 0x7, 0xff, 0xff,
    0xe0, 0x7f, 0xff, 0xfe, 0x7, 0xff, 0xff, 0xe0,
    0x7f, 0xff, 0xfe, 0x7, 0xff, 0xff, 0xe0, 0x7f,
    0xff, 0xfe, 0x7, 0xff, 0xff, 0xe0, 0x7f, 0xff,
    0xfe, 0x7, 0xff,

    /* U+0069 "i" */
    0xff, 0xff, 0xff, 0xff, 0xff, 0xff, 0xff, 0xff,
    0xff, 0xff, 0xff, 0x0, 0x0, 0x0, 0x0, 0x0,
    0x0, 0x0, 0x0, 0x0, 0x7, 0xff, 0xff, 0xff,
    0xff, 0xff, 0xff, 0xff, 0xff, 0xff, 0xff, 0xff,
    0xff, 0xff, 0xff, 0xff, 0xff, 0xff, 0xff, 0xff,
    0xff, 0xff, 0xff, 0xff, 0xff, 0xff, 0xff, 0xff,
    0xff, 0xff, 0xff, 0xff, 0xff, 0xff, 0xff, 0xff,
    0xff, 0xff, 0xff, 0xff, 0xff, 0xff, 0xff, 0xff,
    0xff, 0xff, 0xff, 0xff, 0xff, 0xff, 0xff, 0xff,
    0xff, 0xff, 0xff, 0xff, 0xff,

    /* U+006A "j" */
    0x3, 0xff, 0x81, 0xff, 0xc0, 0xff, 0xe0, 0x7f,
    0xf0, 0x3f, 0xf8, 0x1f, 0xfc, 0xf, 0xfe, 0x7,
    0xff, 0x0, 0x0, 0x0, 0x0, 0x0, 0x0, 0x0,
    0x0, 0x0, 0x0, 0x0, 0x0, 0x0, 0x0, 0x0,
    0x7, 0xff, 0x3, 0xff, 0x81, 0xff, 0xc0, 0xff,
    0xe0, 0x7f, 0xf0, 0x3f, 0xf8, 0x1f, 0xfc, 0xf,
    0xfe, 0x7, 0xff, 0x3, 0xff, 0x81, 0xff, 0xc0,
    0xff, 0xe0, 0x7f, 0xf0, 0x3f, 0xf8, 0x1f, 0xfc,
    0xf, 0xfe, 0x7, 0xff, 0x3, 0xff, 0x81, 0xff,
    0xc0, 0xff, 0xe0, 0x7f, 0xf0, 0x3f, 0xf8, 0x1f,
    0xfc, 0xf, 0xfe, 0x7, 0xff, 0x3, 0xff, 0x81,
    0xff, 0xc0, 0xff, 0xe0, 0x7f, 0xf0, 0x3f, 0xf8,
    0x1f, 0xfc, 0xf, 0xfe, 0x7, 0xff, 0x3, 0xff,
    0x81, 0xff, 0xc0, 0xff, 0xe0, 0x7f, 0xf0, 0x3f,
    0xf8, 0x1f, 0xfc, 0xf, 0xfe, 0x7, 0xff, 0x3,
    0xff, 0x81, 0xff, 0xc1, 0xff, 0xe1, 0xff, 0xff,
    0xff, 0xff, 0xff, 0xfb, 0xff, 0xfd, 0xff, 0xfc,
    0xff, 0xfe, 0x7f, 0xfe, 0x3f, 0xfc, 0x7, 0xf8,
    0x0,

    /* U+006B "k" */
    0xff, 0xe0, 0x0, 0x0, 0xff, 0xe0, 0x0, 0x0,
    0xff, 0xe0, 0x0, 0x0, 0xff, 0xe0, 0x0, 0x0,
    0xff, 0xe0, 0x0, 0x0, 0xff, 0xe0, 0x0, 0x0,
    0xff, 0xe0, 0x0, 0x0, 0xff, 0xe0, 0x0, 0x0,
    0xff, 0xe0, 0x0, 0x0, 0xff, 0xe0, 0x0, 0x0,
    0xff, 0xe0, 0x0, 0x0, 0xff, 0xe0, 0x0, 0x0,
    0xff, 0xe0, 0x0, 0x0, 0xff, 0xe0, 0x0, 0x0,
    0xff, 0xe0, 0x0, 0x0, 0xff, 0xe0, 0x0, 0x0,
    0xff, 0xe0, 0x0, 0x0, 0xff, 0xe0, 0xf, 0xff,
    0xff, 0xe0, 0x1f, 0xfe, 0xff, 0xe0, 0x1f, 0xfe,
    0xff, 0xe0, 0x3f, 0xfc, 0xff, 0xe0, 0x3f, 0xf8,
    0xff, 0xe0, 0x7f, 0xf8, 0xff, 0xe0, 0xff, 0xf0,
    0xff, 0xe0, 0xff, 0xf0, 0xff, 0xe1, 0xff, 0xe0,
    0xff, 0xe1, 0xff, 0xc0, 0xff, 0xe3, 0xff, 0xc0,
    0xff, 0xe3, 0xff, 0x80, 0xff, 0xe7, 0xff, 0x80,
    0xff, 0xef, 0xff, 0x0, 0xff, 0xef, 0xfe, 0x0,
    0xff, 0xff, 0xfe, 0x0, 0xff, 0xff, 0xfc, 0x0,
    0xff, 0xff, 0xfc, 0x0, 0xff, 0xff, 0xfe, 0x0,
    0xff, 0xff, 0xfe, 0x0, 0xff, 0xff, 0xff, 0x0,
    0xff, 0xff, 0xff, 0x0, 0xff, 0xfb, 0xff, 0x0,
    0xff, 0xf1, 0xff, 0x80, 0xff, 0xf1, 0xff, 0x80,
    0xff, 0xe1, 0xff, 0xc0, 0xff, 0xe0, 0xff, 0xc0,
    0xff, 0xe0, 0xff, 0xc0, 0xff, 0xe0, 0xff, 0xe0,
    0xff, 0xe0, 0x7f, 0xe0, 0xff, 0xe0, 0x7f, 0xf0,
    0xff, 0xe0, 0x7f, 0xf0, 0xff, 0xe0, 0x3f, 0xf8,
    0xff, 0xe0, 0x3f, 0xf8, 0xff, 0xe0, 0x3f, 0xf8,
    0xff, 0xe0, 0x1f, 0xfc, 0xff, 0xe0, 0x1f, 0xfc,
    0xff, 0xe0, 0x1f, 0xfe, 0xff, 0xe0, 0xf, 0xfe,
    0xff, 0xe0, 0xf, 0xfe, 0xff, 0xe0, 0xf, 0xff,

    /* U+006C "l" */
    0xff, 0xff, 0xff, 0xff, 0xff, 0xff, 0xff, 0xff,
    0xff, 0xff, 0xff, 0xff, 0xff, 0xff, 0xff, 0xff,
    0xff, 0xff, 0xff, 0xff, 0xff, 0xff, 0xff, 0xff,
    0xff, 0xff, 0xff, 0xff, 0xff, 0xff, 0xff, 0xff,
    0xff, 0xff, 0xff, 0xff, 0xff, 0xff, 0xff, 0xff,
    0xff, 0xff, 0xff, 0xff, 0xff, 0xff, 0xff, 0xff,
    0xff, 0xff, 0xff, 0xff, 0xff, 0xff, 0xff, 0xff,
    0xff, 0xff, 0xff, 0xff, 0xff, 0xff, 0xff, 0xff,
    0xff, 0xff, 0xff, 0xff, 0xff, 0xff, 0xff, 0xff,
    0xff, 0xff, 0xff, 0xff, 0xff, 0xff, 0xff, 0xfc,

    /* U+006D "m" */
    0x0, 0x0, 0x8, 0x0, 0x0, 0x3, 0xff, 0x87,
    0xfc, 0x1, 0xff, 0xf, 0xfe, 0x7f, 0xfc, 0x1f,
    0xfe, 0x3f, 0xfb, 0xff, 0xf1, 0xff, 0xfc, 0xff,
    0xff, 0xff, 0xef, 0xff, 0xfb, 0xff, 0xff, 0xff,
    0xff, 0xff, 0xef, 0xff, 0xff, 0xff, 0xff, 0xff,
    0xff, 0xff, 0xff, 0xff, 0xff, 0xff, 0xff, 0xf0,
    0xff, 0xf8, 0x3f, 0xff, 0xff, 0x81, 0xff, 0xc0,
    0x7f, 0xff, 0xfe, 0x7, 0xff, 0x1, 0xff, 0xff,
    0xf8, 0x1f, 0xfc, 0x7, 0xff, 0xff, 0xe0, 0x7f,
    0xf0, 0x1f, 0xff, 0xff, 0x81, 0xff, 0xc0, 0x7f,
    0xff, 0xfe, 0x7, 0xff, 0x1, 0xff, 0xff, 0xf8,
    0x1f, 0xfc, 0x7, 0xff, 0xff, 0xe0, 0x7f, 0xf0,
    0x1f, 0xff, 0xff, 0x81, 0xff, 0xc0, 0x7f, 0xff,
    0xfe, 0x7, 0xff, 0x1, 0xff, 0xff, 0xf8, 0x1f,
    0xfc, 0x7, 0xff, 0xff, 0xe0, 0x7f, 0xf0, 0x1f,
    0xff, 0xff, 0x81, 0xff, 0xc0, 0x7f, 0xff, 0xfe,
    0x7, 0xff, 0x1, 0xff, 0xff, 0xf8, 0x1f, 0xfc,
    0x7, 0xff, 0xff, 0xe0, 0x7f, 0xf0, 0x1f, 0xff,
    0xff, 0x81, 0xff, 0xc0, 0x7f, 0xff, 0xfe, 0x7,
    0xff, 0x1, 0xff, 0xff, 0xf8, 0x1f, 0xfc, 0x7,
    0xff, 0xff, 0xe0, 0x7f, 0xf0, 0x1f, 0xff, 0xff,
    0x81, 0xff, 0xc0, 0x7f, 0xff, 0xfe, 0x7, 0xff,
    0x1, 0xff, 0xff, 0xf8, 0x1f, 0xfc, 0x7, 0xff,
    0xff, 0xe0, 0x7f, 0xf0, 0x1f, 0xff, 0xff, 0x81,
    0xff, 0xc0, 0x7f, 0xff, 0xfe, 0x7, 0xff, 0x1,
    0xff, 0xff, 0xf8, 0x1f, 0xfc, 0x7, 0xff, 0xff,
    0xe0, 0x7f, 0xf0, 0x1f, 0xff, 0xff, 0x81, 0xff,
    0xc0, 0x7f, 0xff, 0xfe, 0x7, 0xff, 0x1, 0xff,
    0xff, 0xf8, 0x1f, 0xfc, 0x7, 0xff, 0xff, 0xe0,
    0x7f, 0xf0, 0x1f, 0xff, 0xff, 0x81, 0xff, 0xc0,
    0x7f, 0xf0,

    /* U+006E "n" */
    0x0, 0x0, 0x0, 0xf, 0xfe, 0xf, 0xf0, 0xff,
    0xe3, 0xff, 0xcf, 0xfe, 0x7f, 0xfc, 0xff, 0xef,
    0xff, 0xef, 0xff, 0xff, 0xfe, 0xff, 0xff, 0xff,
    0xff, 0xff, 0xff, 0xff, 0xff, 0xf8, 0xff, 0xff,
    0xfe, 0x7, 0xff, 0xff, 0xe0, 0x7f, 0xff, 0xfe,
    0x7, 0xff, 0xff, 0xe0, 0x7f, 0xff, 0xfe, 0x7,
    0xff, 0xff, 0xe0, 0x7f, 0xff, 0xfe, 0x7, 0xff,
    0xff, 0xe0, 0x7f, 0xff, 0xfe, 0x7, 0xff, 0xff,
    0xe0, 0x7f, 0xff, 0xfe, 0x7, 0xff, 0xff, 0xe0,
    0x7f, 0xff, 0xfe, 0x7, 0xff, 0xff, 0xe0, 0x7f,
    0xff, 0xfe, 0x7, 0xff, 0xff, 0xe0, 0x7f, 0xff,
    0xfe, 0x7, 0xff, 0xff, 0xe0, 0x7f, 0xff, 0xfe,
    0x7, 0xff, 0xff, 0xe0, 0x7f, 0xff, 0xfe, 0x7,
    0xff, 0xff, 0xe0, 0x7f, 0xff, 0xfe, 0x7, 0xff,
    0xff, 0xe0, 0x7f, 0xff, 0xfe, 0x7, 0xff, 0xff,
    0xe0, 0x7f, 0xff, 0xfe, 0x7, 0xff, 0xff, 0xe0,
    0x7f, 0xff, 0xfe, 0x7, 0xff, 0xff, 0xe0, 0x7f,
    0xff, 0xfe, 0x7, 0xff, 0xff, 0xe0, 0x7f, 0xff,
    0xfe, 0x7, 0xff,

    /* U+006F "o" */
    0x0, 0x0, 0x0, 0x0, 0xf, 0xff, 0x0, 0x3,
    0xff, 0xfc, 0x0, 0xff, 0xff, 0xf0, 0x1f, 0xff,
    0xff, 0x83, 0xff, 0xff, 0xfc, 0x3f, 0xff, 0xff,
    0xc7, 0xff, 0xff, 0xfe, 0x7f, 0xf0, 0xff, 0xe7,
    0xfe, 0x7, 0xfe, 0xff, 0xe0, 0x7f, 0xff, 0xfe,
    0x7, 0xff, 0xff, 0xe0, 0x7f, 0xff, 0xfe, 0x7,
    0xff, 0xff, 0xe0, 0x7f, 0xff, 0xfe, 0x7, 0xff,
    0xff, 0xe0, 0x7f, 0xff, 0xfe, 0x7, 0xff, 0xff,
    0xe0, 0x7f, 0xff, 0xfe, 0x7, 0xff, 0xff, 0xe0,
    0x7f, 0xff, 0xfe, 0x7, 0xff, 0xff, 0xe0, 0x7f,
    0xff, 0xfe, 0x7, 0xff, 0xff, 0xe0, 0x7f, 0xff,
    0xfe, 0x7, 0xff, 0xff, 0xe0, 0x7f, 0xff, 0xfe,
    0x7, 0xff, 0xff, 0xe0, 0x7f, 0xff, 0xfe, 0x7,
    0xff, 0xff, 0xe0, 0x7f, 0xff, 0xfe, 0x7, 0xff,
    0xff, 0xe0, 0x7f, 0xf7, 0xfe, 0x7, 0xfe, 0x7f,
    0xf0, 0xff, 0xe7, 0xff, 0xff, 0xfe, 0x3f, 0xff,
    0xff, 0xc3, 0xff, 0xff, 0xfc, 0x1f, 0xff, 0xff,
    0x80, 0xff, 0xff, 0xf0, 0x3, 0xff, 0xfc, 0x0,
    0xf, 0xff, 0x0, 0x0, 0x6, 0x0, 0x0,

    /* U+0070 "p" */
    0x0, 0x0, 0x0, 0x7, 0xff, 0xf, 0xf8, 0x3f,
    0xf9, 0xff, 0xe1, 0xff, 0xdf, 0xff, 0x8f, 0xff,
    0xff, 0xfe, 0x7f, 0xff, 0xff, 0xfb, 0xff, 0xff,
    0xff, 0xdf, 0xff, 0x1f, 0xfe, 0xff, 0xe0, 0x7f,
    0xff, 0xff, 0x1, 0xff, 0xff, 0xf8, 0xf, 0xff,
    0xff, 0xc0, 0x7f, 0xff, 0xfe, 0x3, 0xff, 0xff,
    0xf0, 0x1f, 0xff, 0xff, 0x80, 0xff, 0xff, 0xfc,
    0x7, 0xff, 0xff, 0xe0, 0x3f, 0xff, 0xff, 0x1,
    0xff, 0xff, 0xf8, 0xf, 0xff, 0xff, 0xc0, 0x7f,
    0xff, 0xfe, 0x3, 0xff, 0xff, 0xf0, 0x1f, 0xff,
    0xff, 0x80, 0xff, 0xff, 0xfc, 0x7, 0xff, 0xff,
    0xe0, 0x3f, 0xff, 0xff, 0x1, 0xff, 0xff, 0xf8,
    0xf, 0xff, 0xff, 0xc0, 0x7f, 0xff, 0xfe, 0x3,
    0xff, 0xff, 0xf0, 0x1f, 0xff, 0xff, 0x80, 0xff,
    0xff, 0xfc, 0x7, 0xff, 0xff, 0xe0, 0x3f, 0xff,
    0xff, 0x3, 0xff, 0xff, 0xfc, 0x1f, 0xfd, 0xff,
    0xff, 0xff, 0xef, 0xff, 0xff, 0xff, 0x7f, 0xff,
    0xff, 0xf3, 0xff, 0xff, 0xff, 0x9f, 0xfd, 0xff,
    0xf8, 0xff, 0xe7, 0xff, 0x87, 0xff, 0xf, 0xf8,
    0x3f, 0xf8, 0x4, 0x1, 0xff, 0xc0, 0x0, 0xf,
    0xfe, 0x0, 0x0, 0x7f, 0xf0, 0x0, 0x3, 0xff,
    0x80, 0x0, 0x1f, 0xfc, 0x0, 0x0, 0xff, 0xe0,
    0x0, 0x7, 0xff, 0x0, 0x0, 0x3f, 0xf8, 0x0,
    0x1, 0xff, 0xc0, 0x0, 0xf, 0xfe, 0x0, 0x0,
    0x7f, 0xf0, 0x0, 0x3, 0xff, 0x80, 0x0, 0x1f,
    0xfc, 0x0, 0x0,

    /* U+0071 "q" */
    0x0, 0x0, 0x0, 0x0, 0x3f, 0xf1, 0xff, 0xc3,
    0xff, 0xcf, 0xfe, 0x3f, 0xff, 0xff, 0xf3, 0xff,
    0xff, 0xff, 0x9f, 0xff, 0xff, 0xfd, 0xff, 0xff,
    0xff, 0xef, 0xff, 0x1f, 0xff, 0x7f, 0xf0, 0x3f,
    0xff, 0xff, 0x1, 0xff, 0xff, 0xf8, 0xf, 0xff,
    0xff, 0xc0, 0x7f, 0xff, 0xfe, 0x3, 0xff, 0xff,
    0xf0, 0x1f, 0xff, 0xff, 0x80, 0xff, 0xff, 0xfc,
    0x7, 0xff, 0xff, 0xe0, 0x3f, 0xff, 0xff, 0x1,
    0xff, 0xff, 0xf8, 0xf, 0xff, 0xff, 0xc0, 0x7f,
    0xff, 0xfe, 0x3, 0xff, 0xff, 0xf0, 0x1f, 0xff,
    0xff, 0x80, 0xff, 0xff, 0xfc, 0x7, 0xff, 0xff,
    0xe0, 0x3f, 0xff, 0xff, 0x1, 0xff, 0xff, 0xf8,
    0xf, 0xff, 0xff, 0xc0, 0x7f, 0xff, 0xfe, 0x3,
    0xff, 0xff, 0xf0, 0x1f, 0xff, 0xff, 0x80, 0xff,
    0xff, 0xfc, 0x7, 0xff, 0xff, 0xe0, 0x3f, 0xff,
    0xff, 0x81, 0xff, 0xff, 0xfc, 0x1f, 0xfe, 0xff,
    0xff, 0xff, 0xf7, 0xff, 0xff, 0xff, 0xbf, 0xff,
    0xff, 0xfc, 0xff, 0xff, 0xff, 0xe3, 0xff, 0xf7,
    0xff, 0xf, 0xff, 0x3f, 0xf8, 0x3f, 0xe1, 0xff,
    0xc0, 0x10, 0xf, 0xfe, 0x0, 0x0, 0x7f, 0xf0,
    0x0, 0x3, 0xff, 0x80, 0x0, 0x1f, 0xfc, 0x0,
    0x0, 0xff, 0xe0, 0x0, 0x7, 0xff, 0x0, 0x0,
    0x3f, 0xf8, 0x0, 0x1, 0xff, 0xc0, 0x0, 0xf,
    0xfe, 0x0, 0x0, 0x7f, 0xf0, 0x0, 0x3, 0xff,
    0x80, 0x0, 0x1f, 0xfc, 0x0, 0x0, 0xff, 0xe0,
    0x0, 0x7, 0xff,

    /* U+0072 "r" */
    0x0, 0x0, 0xb, 0xff, 0x83, 0xff, 0xfe, 0x1f,
    0xff, 0xf8, 0xff, 0xff, 0xe7, 0xff, 0xff, 0xbf,
    0xff, 0xfe, 0xff, 0xff, 0xff, 0xff, 0xff, 0xff,
    0xff, 0xff, 0xff, 0xff, 0xff, 0xff, 0xff, 0xff,
    0x0, 0xff, 0xf8, 0x3, 0xff, 0xc0, 0xf, 0xfe,
    0x0, 0x3f, 0xf8, 0x0, 0xff, 0xe0, 0x3, 0xff,
    0x80, 0xf, 0xfe, 0x0, 0x3f, 0xf8, 0x0, 0xff,
    0xe0, 0x3, 0xff, 0x80, 0xf, 0xfe, 0x0, 0x3f,
    0xf8, 0x0, 0xff, 0xe0, 0x3, 0xff, 0x80, 0xf,
    0xfe, 0x0, 0x3f, 0xf8, 0x0, 0xff, 0xe0, 0x3,
    0xff, 0x80, 0xf, 0xfe, 0x0, 0x3f, 0xf8, 0x0,
    0xff, 0xe0, 0x3, 0xff, 0x80, 0xf, 0xfe, 0x0,
    0x3f, 0xf8, 0x0, 0xff, 0xe0, 0x3, 0xff, 0x80,
    0xf, 0xfe, 0x0, 0x3f, 0xf8, 0x0, 0xff, 0xe0,
    0x3, 0xff, 0x80, 0x0,

    /* U+0073 "s" */
    0x0, 0x4, 0x0, 0x0, 0x1f, 0xfc, 0x0, 0xf,
    0xff, 0xe0, 0x3, 0xff, 0xfe, 0x0, 0xff, 0xff,
    0xe0, 0x3f, 0xff, 0xfe, 0xf, 0xff, 0xff, 0xe1,
    0xff, 0xff, 0xfc, 0x7f, 0xf0, 0xff, 0xcf, 0xfc,
    0xf, 0xf9, 0xff, 0x80, 0xff, 0x3f, 0xf0, 0xf,
    0x87, 0xff, 0x1, 0xc0, 0xff, 0xf0, 0x20, 0x1f,
    0xff, 0x0, 0x1, 0xff, 0xf0, 0x0, 0x3f, 0xff,
    0x0, 0x3, 0xff, 0xf0, 0x0, 0x7f, 0xff, 0x0,
    0x7, 0xff, 0xf8, 0x0, 0x7f, 0xff, 0x80, 0x7,
    0xff, 0xf8, 0x0, 0x7f, 0xff, 0x80, 0x3, 0xff,
    0xf8, 0x0, 0x3f, 0xff, 0x0, 0x3, 0xff, 0xf0,
    0x0, 0x3f, 0xff, 0x0, 0x3, 0xff, 0xe0, 0x0,
    0x3f, 0xfe, 0x2, 0x3, 0xff, 0xc3, 0xc0, 0x3f,
    0xf9, 0xfc, 0x3, 0xff, 0xff, 0x80, 0x7f, 0xef,
    0xf8, 0xf, 0xfd, 0xff, 0x81, 0xff, 0x9f, 0xff,
    0xff, 0xe3, 0xff, 0xff, 0xfc, 0x3f, 0xff, 0xff,
    0x3, 0xff, 0xff, 0xc0, 0x3f, 0xff, 0xf0, 0x3,
    0xff, 0xfc, 0x0, 0x1f, 0xfe, 0x0, 0x0, 0x18,
    0x0, 0x0,

    /* U+0074 "t" */
    0xf, 0xfe, 0x0, 0x3f, 0xf8, 0x0, 0xff, 0xe0,
    0x3, 0xff, 0x80, 0xf, 0xfe, 0x0, 0x3f, 0xf8,
    0x0, 0xff, 0xe0, 0x3, 0xff, 0x80, 0xf, 0xfe,
    0x0, 0x3f, 0xf8, 0x0, 0xff, 0xe0, 0x3, 0xff,
    0x80, 0xf, 0xfe, 0x3, 0xff, 0xff, 0xef, 0xff,
    0xff, 0xbf, 0xff, 0xfe, 0xff, 0xff, 0xfb, 0xff,
    0xff, 0xef, 0xff, 0xff, 0xbf, 0xff, 0xfe, 0xf,
    0xfe, 0x0, 0x3f, 0xf8, 0x0, 0xff, 0xe0, 0x3,
    0xff, 0x80, 0xf, 0xfe, 0x0, 0x3f, 0xf8, 0x0,
    0xff, 0xe0, 0x3, 0xff, 0x80, 0xf, 0xfe, 0x0,
    0x3f, 0xf8, 0x0, 0xff, 0xe0, 0x3, 0xff, 0x80,
    0xf, 0xfe, 0x0, 0x3f, 0xf8, 0x0, 0xff, 0xe0,
    0x3, 0xff, 0x80, 0xf, 0xfe, 0x0, 0x3f, 0xf8,
    0x0, 0xff, 0xe0, 0x3, 0xff, 0x80, 0xf, 0xfe,
    0x0, 0x3f, 0xf8, 0x0, 0xff, 0xe0, 0x3, 0xff,
    0x80, 0xf, 0xff, 0x0, 0x3f, 0xfe, 0x0, 0xff,
    0xff, 0xc3, 0xff, 0xff, 0x7, 0xff, 0xfc, 0x1f,
    0xff, 0xf0, 0x7f, 0xff, 0xc0, 0xff, 0xff, 0x1,
    0xff, 0xfc, 0x1, 0xff, 0xf0, 0x0, 0x30, 0x0,

    /* U+0075 "u" */
    0xff, 0xe0, 0x7f, 0xff, 0xfe, 0x7, 0xff, 0xff,
    0xe0, 0x7f, 0xff, 0xfe, 0x7, 0xff, 0xff, 0xe0,
    0x7f, 0xff, 0xfe, 0x7, 0xff, 0xff, 0xe0, 0x7f,
    0xff, 0xfe, 0x7, 0xff, 0xff, 0xe0, 0x7f, 0xff,
    0xfe, 0x7, 0xff, 0xff, 0xe0, 0x7f, 0xff, 0xfe,
    0x7, 0xff, 0xff, 0xe0, 0x7f, 0xff, 0xfe, 0x7,
    0xff, 0xff, 0xe0, 0x7f, 0xff, 0xfe, 0x7, 0xff,
    0xff, 0xe0, 0x7f, 0xff, 0xfe, 0x7, 0xff, 0xff,
    0xe0, 0x7f, 0xff, 0xfe, 0x7, 0xff, 0xff, 0xe0,
    0x7f, 0xff, 0xfe, 0x7, 0xff, 0xff, 0xe0, 0x7f,
    0xff, 0xfe, 0x7, 0xff, 0xff, 0xe0, 0x7f, 0xff,
    0xfe, 0x7, 0xff, 0xff, 0xe0, 0x7f, 0xff, 0xfe,
    0x7, 0xff, 0xff, 0xe0, 0x7f, 0xff, 0xfe, 0x7,
    0xff, 0xff, 0xe0, 0x7f, 0xff, 0xfe, 0x7, 0xff,
    0xff, 0xe0, 0x7f, 0xff, 0xff, 0xf, 0xff, 0xff,
    0xff, 0xff, 0xff, 0xff, 0xff, 0xff, 0x7f, 0xff,
    0xff, 0xf7, 0xff, 0xff, 0xff, 0x3f, 0xfe, 0x7f,
    0xf3, 0xff, 0xc7, 0xff, 0xf, 0xf0, 0x7f, 0xf0,
    0x10, 0x0, 0x0,

    /* U+0076 "v" */
    0xff, 0xc0, 0x3f, 0xff, 0xfc, 0x3, 0xff, 0xff,
    0xe0, 0x7f, 0xf7, 0xfe, 0x7, 0xfe, 0x7f, 0xe0,
    0x7f, 0xe7, 0xfe, 0x7, 0xfe, 0x7f, 0xe0, 0x7f,
    0xe7, 0xfe, 0x7, 0xfe, 0x3f, 0xe0, 0x7f, 0xc3,
    0xff, 0xf, 0xfc, 0x3f, 0xf0, 0xff, 0xc3, 0xff,
    0xf, 0xfc, 0x3f, 0xf0, 0xff, 0xc1, 0xff, 0xf,
    0xf8, 0x1f, 0xf0, 0xff, 0x81, 0xff, 0xf, 0xf8,
    0x1f, 0xf8, 0xff, 0x81, 0xff, 0x9f, 0xf8, 0xf,
    0xf9, 0xff, 0x0, 0xff, 0x9f, 0xf0, 0xf, 0xf9,
    0xff, 0x0, 0xff, 0x9f, 0xf0, 0xf, 0xf9, 0xff,
    0x0, 0x7f, 0xdf, 0xe0, 0x7, 0xfd, 0xfe, 0x0,
    0x7f, 0xff, 0xe0, 0x7, 0xff, 0xfe, 0x0, 0x7f,
    0xff, 0xe0, 0x3, 0xff, 0xfc, 0x0, 0x3f, 0xff,
    0xc0, 0x3, 0xff, 0xfc, 0x0, 0x3f, 0xff, 0xc0,
    0x3, 0xff, 0xf8, 0x0, 0x1f, 0xff, 0x80, 0x1,
    0xff, 0xf8, 0x0, 0x1f, 0xff, 0x80, 0x1, 0xff,
    0xf8, 0x0, 0x1f, 0xff, 0x0, 0x0, 0xff, 0xf0,
    0x0, 0xf, 0xff, 0x0, 0x0, 0xff, 0xf0, 0x0,

    /* U+0077 "w" */
    0xff, 0x80, 0xff, 0x1, 0xff, 0xff, 0x3, 0xfe,
    0x3, 0xff, 0xfe, 0x7, 0xfc, 0xf, 0xff, 0xfc,
    0xf, 0xf8, 0x1f, 0xff, 0xf8, 0x1f, 0xf0, 0x3f,
    0xff, 0xf0, 0x3f, 0xe0, 0x7f, 0x9f, 0xf0, 0x7f,
    0xe0, 0xff, 0x3f, 0xe0, 0xff, 0xc1, 0xfe, 0x7f,
    0xc3, 0xff, 0x87, 0xfc, 0xff, 0x87, 0xff, 0xf,
    0xf9, 0xff, 0xf, 0xfe, 0x1f, 0xf3, 0xfe, 0x1f,
    0xfc, 0x3f, 0xc7, 0xfc, 0x3f, 0xf8, 0x7f, 0x87,
    0xf8, 0x7f, 0xf0, 0xff, 0xf, 0xf9, 0xff, 0xf1,
    0xfe, 0x1f, 0xf3, 0xff, 0xe7, 0xfc, 0x3f, 0xe7,
    0xff, 0xcf, 0xf8, 0x7f, 0xcf, 0xdf, 0x9f, 0xf0,
    0xff, 0x9f, 0xbf, 0x3f, 0xc0, 0xff, 0x3f, 0x7e,
    0x7f, 0x81, 0xfe, 0x7e, 0xfc, 0xff, 0x3, 0xff,
    0xfd, 0xfd, 0xfe, 0x7, 0xff, 0xf1, 0xff, 0xfc,
    0xf, 0xff, 0xe3, 0xff, 0xf8, 0x1f, 0xff, 0xc7,
    0xff, 0xe0, 0x3f, 0xff, 0x8f, 0xff, 0xc0, 0x3f,
    0xff, 0x1f, 0xff, 0x80, 0x7f, 0xfe, 0x3f, 0xff,
    0x0, 0xff, 0xf8, 0x7f, 0xfe, 0x1, 0xff, 0xf0,
    0x7f, 0xfc, 0x3, 0xff, 0xe0, 0xff, 0xf0, 0x7,
    0xff, 0xc1, 0xff, 0xe0, 0x7, 0xff, 0x83, 0xff,
    0xc0, 0xf, 0xff, 0x7, 0xff, 0x80, 0x1f, 0xfc,
    0xf, 0xff, 0x0, 0x3f, 0xf8, 0xf, 0xfe, 0x0,
    0x7f, 0xf0, 0x1f, 0xfc, 0x0, 0xff, 0xe0, 0x3f,
    0xf0, 0x1, 0xff, 0xc0, 0x7f, 0xe0, 0x1, 0xff,
    0x0, 0xff, 0xc0, 0x3, 0xfe, 0x1, 0xff, 0x80,

    /* U+0078 "x" */
    0xff, 0xe0, 0xf, 0xf9, 0xff, 0xc0, 0x7f, 0xc7,
    0xff, 0x1, 0xff, 0xf, 0xfe, 0x7, 0xf8, 0x3f,
    0xf8, 0x3f, 0xe0, 0x7f, 0xf0, 0xff, 0x81, 0xff,
    0xc7, 0xfc, 0x3, 0xff, 0x1f, 0xf0, 0xf, 0xfe,
    0x7f, 0x80, 0x3f, 0xfb, 0xfe, 0x0, 0x7f, 0xff,
    0xf0, 0x1, 0xff, 0xff, 0xc0, 0x3, 0xff, 0xff,
    0x0, 0xf, 0xff, 0xf8, 0x0, 0x1f, 0xff, 0xe0,
    0x0, 0x7f, 0xff, 0x0, 0x0, 0xff, 0xfc, 0x0,
    0x3, 0xff, 0xe0, 0x0, 0x7, 0xff, 0x80, 0x0,
    0x3f, 0xfe, 0x0, 0x0, 0xff, 0xf0, 0x0, 0x3,
    0xff, 0xe0, 0x0, 0x1f, 0xff, 0x80, 0x0, 0x7f,
    0xff, 0x0, 0x3, 0xff, 0xfc, 0x0, 0xf, 0xff,
    0xf8, 0x0, 0x3f, 0xff, 0xe0, 0x1, 0xff, 0xff,
    0xc0, 0x7, 0xff, 0xff, 0x0, 0x3f, 0xef, 0xfe,
    0x0, 0xff, 0xbf, 0xf8, 0x3, 0xfe, 0x7f, 0xe0,
    0x1f, 0xf1, 0xff, 0xc0, 0x7f, 0xc7, 0xff, 0x3,
    0xfe, 0xf, 0xfe, 0xf, 0xf8, 0x3f, 0xf8, 0x3f,
    0xe0, 0x7f, 0xf1, 0xff, 0x1, 0xff, 0xc7, 0xfc,
    0x3, 0xff, 0xbf, 0xf0, 0xf, 0xfe, 0xff, 0x80,
    0x1f, 0xfc,

    /* U+0079 "y" */
    0xff, 0xc0, 0xf, 0xff, 0xff, 0x80, 0x3f, 0xf7,
    0xfe, 0x1, 0xff, 0xdf, 0xf8, 0x7, 0xff, 0x7f,
    0xe0, 0x1f, 0xf9, 0xff, 0x80, 0x7f, 0xe3, 0xff,
    0x1, 0xff, 0x8f, 0xfc, 0x7, 0xfe, 0x3f, 0xf0,
    0x3f, 0xf0, 0xff, 0xc0, 0xff, 0xc1, 0xff, 0x3,
    0xff, 0x7, 0xfe, 0xf, 0xfc, 0x1f, 0xf8, 0x3f,
    0xe0, 0x3f, 0xe0, 0xff, 0x80, 0xff, 0x87, 0xfe,
    0x3, 0xfe, 0x1f, 0xf8, 0xf, 0xfc, 0x7f, 0xe0,
    0x1f, 0xf1, 0xff, 0x0, 0x7f, 0xc7, 0xfc, 0x1,
    0xff, 0x1f, 0xf0, 0x7, 0xfe, 0xff, 0xc0, 0xf,
    0xfb, 0xfe, 0x0, 0x3f, 0xef, 0xf8, 0x0, 0xff,
    0xbf, 0xe0, 0x1, 0xfe, 0xff, 0x80, 0x7, 0xff,
    0xfe, 0x0, 0x1f, 0xff, 0xf0, 0x0, 0x7f, 0xff,
    0xc0, 0x0, 0xff, 0xff, 0x0, 0x3, 0xff, 0xfc,
    0x0, 0xf, 0xff, 0xe0, 0x0, 0x3f, 0xff, 0x80,
    0x0, 0x7f, 0xfe, 0x0, 0x1, 0xff, 0xf8, 0x0,
    0x7, 0xff, 0xc0, 0x0, 0x1f, 0xff, 0x0, 0x0,
    0x3f, 0xfc, 0x0, 0x0, 0xff, 0xf0, 0x0, 0x3,
    0xff, 0xc0, 0x0, 0xf, 0xfe, 0x0, 0x0, 0x1f,
    0xf8, 0x0, 0x0, 0x7f, 0xe0, 0x0, 0x1, 0xff,
    0x80, 0x0, 0x7, 0xfc, 0x0, 0x0, 0x3f, 0xf0,
    0x0, 0x1, 0xff, 0xc0, 0x0, 0xff, 0xfe, 0x0,
    0x3, 0xff, 0xf8, 0x0, 0xf, 0xff, 0xc0, 0x0,
    0x3f, 0xfe, 0x0, 0x0, 0xff, 0xf0, 0x0, 0x3,
    0xff, 0x0, 0x0, 0xf, 0xe0, 0x0, 0x0,

    /* U+007A "z" */
    0x7f, 0xff, 0xfe, 0xff, 0xff, 0xfd, 0xff, 0xff,
    0xfb, 0xff, 0xff, 0xf7, 0xff, 0xff, 0xef, 0xff,
    0xff, 0xdf, 0xff, 0xff, 0xbf, 0xff, 0xff, 0x0,
    0x1f, 0xfc, 0x0, 0x3f, 0xf8, 0x0, 0x7f, 0xe0,
    0x1, 0xff, 0xc0, 0x3, 0xff, 0x0, 0xf, 0xfe,
    0x0, 0x1f, 0xf8, 0x0, 0x7f, 0xf0, 0x0, 0xff,
    0xe0, 0x3, 0xff, 0x80, 0x7, 0xff, 0x0, 0x1f,
    0xfc, 0x0, 0x3f, 0xf8, 0x0, 0x7f, 0xe0, 0x1,
    0xff, 0xc0, 0x3, 0xff, 0x0, 0xf, 0xfe, 0x0,
    0x1f, 0xfc, 0x0, 0x7f, 0xf0, 0x0, 0xff, 0xe0,
    0x3, 0xff, 0x80, 0x7, 0xff, 0x0, 0xf, 0xfc,
    0x0, 0x3f, 0xf8, 0x0, 0x7f, 0xe0, 0x1, 0xff,
    0xff, 0xff, 0xff, 0xff, 0xff, 0xff, 0xff, 0xff,
    0xff, 0xff, 0xff, 0xff, 0xff, 0xff, 0xff, 0xff,
    0xff, 0xff, 0xff, 0xff, 0xff, 0xfe,

    /* U+007B "{" */
    0x0, 0x3, 0xf8, 0x1, 0xff, 0xc0, 0x3f, 0xfe,
    0x3, 0xff, 0xf0, 0x1f, 0xff, 0x81, 0xff, 0xfc,
    0xf, 0xff, 0xe0, 0xff, 0xf0, 0x7, 0xff, 0x0,
    0x3f, 0xf0, 0x1, 0xff, 0x80, 0xf, 0xfc, 0x0,
    0x7f, 0xe0, 0x3, 0xff, 0x0, 0x1f, 0xf8, 0x0,
    0xff, 0xc0, 0x7, 0xfe, 0x0, 0x3f, 0xf0, 0x1,
    0xff, 0x80, 0xf, 0xfc, 0x0, 0x7f, 0xe0, 0x3,
    0xff, 0x0, 0x1f, 0xf8, 0x0, 0xff, 0xc0, 0x7,
    0xfe, 0x0, 0x3f, 0xf0, 0x1, 0xff, 0x80, 0xf,
    0xfc, 0x0, 0x7f, 0xe0, 0x3, 0xfe, 0x0, 0x3f,
    0xf0, 0x1, 0xff, 0x80, 0x1f, 0xfc, 0x7, 0xff,
    0xc0, 0x3f, 0xfe, 0x1, 0xff, 0xc0, 0xf, 0xf8,
    0x0, 0x7f, 0xf0, 0x3, 0xff, 0xe0, 0x1f, 0xff,
    0x0, 0x1f, 0xfc, 0x0, 0x7f, 0xe0, 0x3, 0xff,
    0x0, 0xf, 0xfc, 0x0, 0x7f, 0xe0, 0x3, 0xff,
    0x0, 0x1f, 0xf8, 0x0, 0xff, 0xc0, 0x7, 0xfe,
    0x0, 0x3f, 0xf0, 0x1, 0xff, 0x80, 0xf, 0xfc,
    0x0, 0x7f, 0xe0, 0x3, 0xff, 0x0, 0x1f, 0xf8,
    0x0, 0xff, 0xc0, 0x7, 0xfe, 0x0, 0x3f, 0xf0,
    0x1, 0xff, 0x80, 0xf, 0xfc, 0x0, 0x7f, 0xe0,
    0x3, 0xff, 0x0, 0x1f, 0xf8, 0x0, 0xff, 0xc0,
    0x7, 0xff, 0x0, 0x1f, 0xfc, 0x0, 0xff, 0xfe,
    0x7, 0xff, 0xf0, 0x1f, 0xff, 0x80, 0xff, 0xfc,
    0x3, 0xff, 0xe0, 0x7, 0xff, 0x0, 0x3, 0xf8,

    /* U+007C "|" */
    0xff, 0xff, 0xff, 0xff, 0xff, 0xff, 0xff, 0xff,
    0xff, 0xff, 0xff, 0xff, 0xff, 0xff, 0xff, 0xff,
    0xff, 0xff, 0xff, 0xff, 0xff, 0xff, 0xff, 0xff,
    0xff, 0xff, 0xff, 0xff, 0xff, 0xff, 0xff, 0xff,
    0xff, 0xff, 0xff, 0xff, 0xff, 0xff, 0xff, 0xff,
    0xff, 0xff, 0xff, 0xff, 0xff, 0xff, 0xff, 0xff,
    0xff, 0xff, 0xff, 0xff, 0xff, 0xff, 0xff, 0xff,
    0xff, 0xff, 0xff, 0xff, 0xff, 0xff, 0xff, 0xff,
    0xff, 0xff, 0xff, 0xff, 0xff, 0xff, 0xff, 0xff,
    0xff, 0xff, 0xff, 0xff, 0xff, 0xff, 0xfc,

    /* U+007D "}" */
    0xff, 0x0, 0x7, 0xff, 0x0, 0x3f, 0xfe, 0x1,
    0xff, 0xf8, 0xf, 0xff, 0xc0, 0x7f, 0xff, 0x3,
    0xff, 0xf8, 0x1, 0xff, 0xc0, 0x7, 0xff, 0x0,
    0x1f, 0xf8, 0x0, 0xff, 0xc0, 0x7, 0xfe, 0x0,
    0x3f, 0xf0, 0x1, 0xff, 0x80, 0xf, 0xfc, 0x0,
    0x7f, 0xe0, 0x3, 0xff, 0x0, 0x1f, 0xf8, 0x0,
    0xff, 0xc0, 0x7, 0xfe, 0x0, 0x3f, 0xf0, 0x1,
    0xff, 0x80, 0xf, 0xfc, 0x0, 0x7f, 0xe0, 0x3,
    0xff, 0x0, 0x1f, 0xf8, 0x0, 0xff, 0xc0, 0x7,
    0xfe, 0x0, 0x3f, 0xf0, 0x1, 0xff, 0x80, 0x7,
    0xfc, 0x0, 0x3f, 0xf0, 0x1, 0xff, 0xc0, 0x7,
    0xff, 0xc0, 0x3f, 0xfe, 0x0, 0x7f, 0xf0, 0x0,
    0xff, 0x80, 0x1f, 0xfc, 0x3, 0xff, 0xe0, 0x1f,
    0xff, 0x1, 0xff, 0xc0, 0xf, 0xfc, 0x0, 0x7f,
    0xc0, 0x7, 0xfe, 0x0, 0x3f, 0xf0, 0x1, 0xff,
    0x80, 0xf, 0xfc, 0x0, 0x7f, 0xe0, 0x3, 0xff,
    0x0, 0x1f, 0xf8, 0x0, 0xff, 0xc0, 0x7, 0xfe,
    0x0, 0x3f, 0xf0, 0x1, 0xff, 0x80, 0xf, 0xfc,
    0x0, 0x7f, 0xe0, 0x3, 0xff, 0x0, 0x1f, 0xf8,
    0x0, 0xff, 0xc0, 0x7, 0xfe, 0x0, 0x3f, 0xf0,
    0x1, 0xff, 0x80, 0xf, 0xfc, 0x0, 0x7f, 0xe0,
    0x7, 0xff, 0x0, 0x7f, 0xf0, 0x3f, 0xff, 0x81,
    0xff, 0xfc, 0xf, 0xff, 0xc0, 0x7f, 0xfe, 0x3,
    0xff, 0xe0, 0x1f, 0xfc, 0x0, 0xff, 0x0, 0x0,

    /* U+007E "~" */
    0x3, 0xe0, 0x0, 0x0, 0x7f, 0xe0, 0x6, 0x7,
    0xff, 0xc0, 0x78, 0x7f, 0xff, 0x87, 0xe7, 0xff,
    0xff, 0xff, 0xff, 0xff, 0xff, 0xfb, 0xff, 0xff,
    0xff, 0x8f, 0xc3, 0xff, 0xfc, 0x38, 0x7, 0xff,
    0x80, 0x80, 0xf, 0xf8, 0x0, 0x0, 0x1f, 0x0
};


/*---------------------
 *  GLYPH DESCRIPTION
 *--------------------*/

static const lv_font_fmt_txt_glyph_dsc_t glyph_dsc[] = {
    {.bitmap_index = 0, .adv_w = 0, .box_w = 0, .box_h = 0, .ofs_x = 0, .ofs_y = 0} /* id = 0 reserved */,
    {.bitmap_index = 0, .adv_w = 288, .box_w = 1, .box_h = 1, .ofs_x = 0, .ofs_y = 0},
    {.bitmap_index = 1, .adv_w = 285, .box_w = 12, .box_h = 58, .ofs_x = 3, .ofs_y = 0},
    {.bitmap_index = 88, .adv_w = 392, .box_w = 22, .box_h = 20, .ofs_x = 2, .ofs_y = 38},
    {.bitmap_index = 143, .adv_w = 604, .box_w = 31, .box_h = 58, .ofs_x = 3, .ofs_y = 0},
    {.bitmap_index = 368, .adv_w = 560, .box_w = 31, .box_h = 73, .ofs_x = 2, .ofs_y = -8},
    {.bitmap_index = 651, .adv_w = 1131, .box_w = 64, .box_h = 58, .ofs_x = 3, .ofs_y = 0},
    {.bitmap_index = 1115, .adv_w = 666, .box_w = 36, .box_h = 60, .ofs_x = 3, .ofs_y = -1},
    {.bitmap_index = 1385, .adv_w = 185, .box_w = 9, .box_h = 20, .ofs_x = 2, .ofs_y = 38},
    {.bitmap_index = 1408, .adv_w = 379, .box_w = 17, .box_h = 71, .ofs_x = 5, .ofs_y = -13},
    {.bitmap_index = 1559, .adv_w = 362, .box_w = 16, .box_h = 71, .ofs_x = 2, .ofs_y = -13},
    {.bitmap_index = 1701, .adv_w = 482, .box_w = 26, .box_h = 25, .ofs_x = 3, .ofs_y = 33},
    {.bitmap_index = 1783, .adv_w = 509, .box_w = 28, .box_h = 29, .ofs_x = 2, .ofs_y = 15},
    {.bitmap_index = 1885, .adv_w = 262, .box_w = 11, .box_h = 20, .ofs_x = 3, .ofs_y = -10},
    {.bitmap_index = 1913, .adv_w = 369, .box_w = 18, .box_h = 7, .ofs_x = 2, .ofs_y = 17},
    {.bitmap_index = 1929, .adv_w = 267, .box_w = 11, .box_h = 10, .ofs_x = 3, .ofs_y = 0},
    {.bitmap_index = 1943, .adv_w = 473, .box_w = 24, .box_h = 58, .ofs_x = 3, .ofs_y = 0},
    {.bitmap_index = 2117, .adv_w = 626, .box_w = 31, .box_h = 60, .ofs_x = 4, .ofs_y = -1},
    {.bitmap_index = 2350, .adv_w = 442, .box_w = 20, .box_h = 58, .ofs_x = 1, .ofs_y = 0},
    {.bitmap_index = 2495, .adv_w = 583, .box_w = 31, .box_h = 58, .ofs_x = 3, .ofs_y = 0},
    {.bitmap_index = 2720, .adv_w = 583, .box_w = 31, .box_h = 60, .ofs_x = 3, .ofs_y = -1},
    {.bitmap_index = 2953, .adv_w = 593, .box_w = 34, .box_h = 58, .ofs_x = 2, .ofs_y = 0},
    {.bitmap_index = 3200, .adv_w = 578, .box_w = 31, .box_h = 59, .ofs_x = 3, .ofs_y = -1},
    {.bitmap_index = 3429, .adv_w = 612, .box_w = 31, .box_h = 60, .ofs_x = 4, .ofs_y = -1},
    {.bitmap_index = 3662, .adv_w = 493, .box_w = 27, .box_h = 58, .ofs_x = 1, .ofs_y = 0},
    {.bitmap_index = 3858, .adv_w = 594, .box_w = 31, .box_h = 60, .ofs_x = 3, .ofs_y = -1},
    {.bitmap_index = 4091, .adv_w = 611, .box_w = 31, .box_h = 60, .ofs_x = 3, .ofs_y = -1},
    {.bitmap_index = 4324, .adv_w = 301, .box_w = 10, .box_h = 35, .ofs_x = 5, .ofs_y = 5},
    {.bitmap_index = 4368, .adv_w = 311, .box_w = 11, .box_h = 48, .ofs_x = 5, .ofs_y = -7},
    {.bitmap_index = 4434, .adv_w = 453, .box_w = 22, .box_h = 31, .ofs_x = 3, .ofs_y = 14},
    {.bitmap_index = 4520, .adv_w = 502, .box_w = 23, .box_h = 20, .ofs_x = 4, .ofs_y = 20},
    {.bitmap_index = 4578, .adv_w = 453, .box_w = 22, .box_h = 31, .ofs_x = 4, .ofs_y = 14},
    {.bitmap_index = 4664, .adv_w = 556, .box_w = 30, .box_h = 58, .ofs_x = 3, .ofs_y = 0},
    {.bitmap_index = 4882, .adv_w = 1083, .box_w = 63, .box_h = 67, .ofs_x = 3, .ofs_y = -9},
    {.bitmap_index = 5410, .adv_w = 620, .box_w = 35, .box_h = 58, .ofs_x = 2, .ofs_y = 0},
    {.bitmap_index = 5664, .adv_w = 661, .box_w = 34, .box_h = 58, .ofs_x = 4, .ofs_y = 0},
    {.bitmap_index = 5911, .adv_w = 637, .box_w = 33, .box_h = 60, .ofs_x = 4, .ofs_y = -1},
    {.bitmap_index = 6159, .adv_w = 660, .box_w = 33, .box_h = 58, .ofs_x = 4, .ofs_y = 0},
    {.bitmap_index = 6399, .adv_w = 505, .box_w = 26, .box_h = 58, .ofs_x = 4, .ofs_y = 0},
    {.bitmap_index = 6588, .adv_w = 490, .box_w = 25, .box_h = 58, .ofs_x = 4, .ofs_y = 0},
    {.bitmap_index = 6770, .adv_w = 659, .box_w = 33, .box_h = 60, .ofs_x = 4, .ofs_y = -1},
    {.bitmap_index = 7018, .adv_w = 691, .box_w = 34, .box_h = 58, .ofs_x = 5, .ofs_y = 0},
    {.bitmap_index = 7265, .adv_w = 334, .box_w = 12, .box_h = 58, .ofs_x = 5, .ofs_y = 0},
    {.bitmap_index = 7352, .adv_w = 391, .box_w = 20, .box_h = 59, .ofs_x = 0, .ofs_y = -1},
    {.bitmap_index = 7500, .adv_w = 636, .box_w = 35, .box_h = 58, .ofs_x = 4, .ofs_y = 0},
    {.bitmap_index = 7754, .adv_w = 499, .box_w = 26, .box_h = 58, .ofs_x = 4, .ofs_y = 0},
    {.bitmap_index = 7943, .adv_w = 801, .box_w = 41, .box_h = 58, .ofs_x = 5, .ofs_y = 0},
    {.bitmap_index = 8241, .adv_w = 638, .box_w = 31, .box_h = 58, .ofs_x = 4, .ofs_y = 0},
    {.bitmap_index = 8466, .adv_w = 664, .box_w = 34, .box_h = 60, .ofs_x = 4, .ofs_y = -1},
    {.bitmap_index = 8721, .adv_w = 636, .box_w = 34, .box_h = 58, .ofs_x = 4, .ofs_y = 0},
    {.bitmap_index = 8968, .adv_w = 664, .box_w = 34, .box_h = 70, .ofs_x = 4, .ofs_y = -11},
    {.bitmap_index = 9266, .adv_w = 672, .box_w = 35, .box_h = 58, .ofs_x = 4, .ofs_y = 0},
    {.bitmap_index = 9520, .adv_w = 582, .box_w = 31, .box_h = 60, .ofs_x = 3, .ofs_y = -1},
    {.bitmap_index = 9753, .adv_w = 505, .box_w = 30, .box_h = 58, .ofs_x = 1, .ofs_y = 0},
    {.bitmap_index = 9971, .adv_w = 666, .box_w = 34, .box_h = 59, .ofs_x = 4, .ofs_y = -1},
    {.bitmap_index = 10222, .adv_w = 601, .box_w = 34, .box_h = 58, .ofs_x = 2, .ofs_y = 0},
    {.bitmap_index = 10469, .adv_w = 811, .box_w = 47, .box_h = 58, .ofs_x = 2, .ofs_y = 0},
    {.bitmap_index = 10810, .adv_w = 585, .box_w = 35, .box_h = 58, .ofs_x = 1, .ofs_y = 0},
    {.bitmap_index = 11064, .adv_w = 564, .box_w = 33, .box_h = 58, .ofs_x = 1, .ofs_y = 0},
    {.bitmap_index = 11304, .adv_w = 495, .box_w = 27, .box_h = 58, .ofs_x = 2, .ofs_y = 0},
    {.bitmap_index = 11500, .adv_w = 385, .box_w = 18, .box_h = 71, .ofs_x = 4, .ofs_y = -13},
    {.bitmap_index = 11660, .adv_w = 473, .box_w = 24, .box_h = 58, .ofs_x = 3, .ofs_y = 0},
    {.bitmap_index = 11834, .adv_w = 370, .box_w = 18, .box_h = 71, .ofs_x = 1, .ofs_y = -13},
    {.bitmap_index = 11994, .adv_w = 540, .box_w = 30, .box_h = 24, .ofs_x = 2, .ofs_y = 34},
    {.bitmap_index = 12084, .adv_w = 418, .box_w = 26, .box_h = 7, .ofs_x = 0, .ofs_y = -11},
    {.bitmap_index = 12107, .adv_w = 347, .box_w = 16, .box_h = 14, .ofs_x = 3, .ofs_y = 43},
    {.bitmap_index = 12135, .adv_w = 517, .box_w = 29, .box_h = 43, .ofs_x = 2, .ofs_y = -1},
    {.bitmap_index = 12291, .adv_w = 568, .box_w = 29, .box_h = 59, .ofs_x = 4, .ofs_y = -1},
    {.bitmap_index = 12505, .adv_w = 525, .box_w = 28, .box_h = 43, .ofs_x = 3, .ofs_y = -1},
    {.bitmap_index = 12656, .adv_w = 564, .box_w = 29, .box_h = 59, .ofs_x = 3, .ofs_y = -1},
    {.bitmap_index = 12870, .adv_w = 530, .box_w = 27, .box_h = 43, .ofs_x = 3, .ofs_y = -1},
    {.bitmap_index = 13016, .adv_w = 361, .box_w = 21, .box_h = 56, .ofs_x = 1, .ofs_y = 0},
    {.bitmap_index = 13163, .adv_w = 563, .box_w = 34, .box_h = 58, .ofs_x = 2, .ofs_y = -15},
    {.bitmap_index = 13410, .adv_w = 570, .box_w = 28, .box_h = 58, .ofs_x = 4, .ofs_y = 0},
    {.bitmap_index = 13613, .adv_w = 296, .box_w = 11, .box_h = 56, .ofs_x = 4, .ofs_y = 0},
    {.bitmap_index = 13690, .adv_w = 301, .box_w = 17, .box_h = 68, .ofs_x = -2, .ofs_y = -12},
    {.bitmap_index = 13835, .adv_w = 568, .box_w = 32, .box_h = 58, .ofs_x = 4, .ofs_y = 0},
    {.bitmap_index = 14067, .adv_w = 304, .box_w = 11, .box_h = 58, .ofs_x = 4, .ofs_y = 0},
    {.bitmap_index = 14147, .adv_w = 849, .box_w = 46, .box_h = 42, .ofs_x = 4, .ofs_y = 0},
    {.bitmap_index = 14389, .adv_w = 568, .box_w = 28, .box_h = 42, .ofs_x = 4, .ofs_y = 0},
    {.bitmap_index = 14536, .adv_w = 543, .box_w = 28, .box_h = 43, .ofs_x = 3, .ofs_y = -1},
    {.bitmap_index = 14687, .adv_w = 567, .box_w = 29, .box_h = 56, .ofs_x = 4, .ofs_y = -14},
    {.bitmap_index = 14890, .adv_w = 566, .box_w = 29, .box_h = 56, .ofs_x = 3, .ofs_y = -14},
    {.bitmap_index = 15093, .adv_w = 426, .box_w = 22, .box_h = 42, .ofs_x = 4, .ofs_y = 0},
    {.bitmap_index = 15209, .adv_w = 476, .box_w = 27, .box_h = 43, .ofs_x = 1, .ofs_y = -1},
    {.bitmap_index = 15355, .adv_w = 394, .box_w = 22, .box_h = 55, .ofs_x = 1, .ofs_y = -1},
    {.bitmap_index = 15507, .adv_w = 564, .box_w = 28, .box_h = 42, .ofs_x = 3, .ofs_y = -1},
    {.bitmap_index = 15654, .adv_w = 476, .box_w = 28, .box_h = 41, .ofs_x = 1, .ofs_y = 0},
    {.bitmap_index = 15798, .adv_w = 685, .box_w = 39, .box_h = 41, .ofs_x = 2, .ofs_y = 0},
    {.bitmap_index = 15998, .adv_w = 497, .box_w = 30, .box_h = 41, .ofs_x = 1, .ofs_y = 0},
    {.bitmap_index = 16152, .adv_w = 502, .box_w = 30, .box_h = 53, .ofs_x = 0, .ofs_y = -12},
    {.bitmap_index = 16351, .adv_w = 440, .box_w = 23, .box_h = 41, .ofs_x = 2, .ofs_y = 0},
    {.bitmap_index = 16469, .adv_w = 412, .box_w = 21, .box_h = 73, .ofs_x = 3, .ofs_y = -14},
    {.bitmap_index = 16661, .adv_w = 296, .box_w = 9, .box_h = 70, .ofs_x = 5, .ofs_y = -12},
    {.bitmap_index = 16740, .adv_w = 423, .box_w = 21, .box_h = 73, .ofs_x = 2, .ofs_y = -14},
    {.bitmap_index = 16932, .adv_w = 546, .box_w = 29, .box_h = 11, .ofs_x = 3, .ofs_y = 24}
};

/*---------------------
 *  CHARACTER MAPPING
 *--------------------*/



/*Collect the unicode lists and glyph_id offsets*/
static const lv_font_fmt_txt_cmap_t cmaps[] =
{
    {
        .range_start = 32, .range_length = 95, .glyph_id_start = 1,
        .unicode_list = NULL, .glyph_id_ofs_list = NULL, .list_length = 0, .type = LV_FONT_FMT_TXT_CMAP_FORMAT0_TINY
    }
};

/*-----------------
 *    KERNING
 *----------------*/


/*Pair left and right glyphs for kerning*/
static const uint8_t kern_pair_glyph_ids[] =
{
    3, 34,
    3, 36,
    3, 40,
    3, 43,
    3, 48,
    3, 50,
    3, 66,
    3, 68,
    3, 69,
    3, 70,
    3, 72,
    3, 80,
    3, 82,
    3, 84,
    7, 53,
    8, 34,
    8, 36,
    8, 40,
    8, 43,
    8, 48,
    8, 50,
    8, 66,
    8, 68,
    8, 69,
    8, 70,
    8, 72,
    8, 80,
    8, 82,
    8, 84,
    11, 43,
    11, 57,
    13, 35,
    13, 36,
    13, 37,
    13, 38,
    13, 39,
    13, 40,
    13, 41,
    13, 42,
    13, 44,
    13, 45,
    13, 47,
    13, 48,
    13, 49,
    13, 50,
    13, 51,
    13, 53,
    13, 54,
    13, 55,
    13, 56,
    13, 58,
    13, 68,
    13, 69,
    13, 70,
    13, 80,
    13, 82,
    13, 85,
    13, 87,
    13, 88,
    13, 90,
    14, 53,
    14, 55,
    14, 56,
    14, 57,
    14, 58,
    15, 35,
    15, 36,
    15, 37,
    15, 38,
    15, 39,
    15, 40,
    15, 41,
    15, 42,
    15, 44,
    15, 45,
    15, 47,
    15, 48,
    15, 49,
    15, 50,
    15, 51,
    15, 53,
    15, 54,
    15, 55,
    15, 56,
    15, 58,
    15, 68,
    15, 69,
    15, 70,
    15, 80,
    15, 82,
    15, 85,
    15, 87,
    15, 88,
    15, 90,
    16, 36,
    16, 40,
    16, 48,
    16, 50,
    16, 52,
    16, 68,
    16, 69,
    16, 70,
    16, 80,
    16, 82,
    17, 24,
    17, 57,
    17, 58,
    18, 24,
    19, 21,
    21, 18,
    21, 24,
    22, 24,
    23, 18,
    23, 19,
    23, 24,
    23, 26,
    23, 58,
    24, 21,
    25, 24,
    25, 58,
    26, 24,
    27, 53,
    27, 55,
    27, 56,
    27, 58,
    28, 53,
    28, 55,
    28, 56,
    28, 58,
    34, 3,
    34, 8,
    34, 36,
    34, 40,
    34, 48,
    34, 52,
    34, 53,
    34, 54,
    34, 55,
    34, 56,
    34, 58,
    34, 71,
    34, 85,
    34, 87,
    34, 88,
    34, 90,
    35, 3,
    35, 8,
    35, 13,
    35, 15,
    35, 34,
    35, 53,
    35, 55,
    35, 56,
    35, 57,
    35, 58,
    36, 3,
    36, 8,
    36, 13,
    36, 15,
    36, 57,
    36, 58,
    37, 3,
    37, 8,
    37, 13,
    37, 15,
    37, 24,
    37, 34,
    37, 43,
    37, 53,
    37, 55,
    37, 57,
    37, 58,
    37, 59,
    37, 61,
    38, 68,
    38, 69,
    38, 70,
    38, 72,
    38, 80,
    38, 82,
    38, 84,
    39, 3,
    39, 8,
    39, 13,
    39, 15,
    39, 27,
    39, 28,
    39, 34,
    39, 43,
    39, 52,
    39, 66,
    39, 68,
    39, 69,
    39, 70,
    39, 72,
    39, 80,
    39, 82,
    39, 84,
    39, 89,
    39, 90,
    39, 91,
    40, 3,
    40, 8,
    40, 53,
    40, 55,
    40, 56,
    40, 58,
    43, 13,
    43, 15,
    44, 14,
    44, 36,
    44, 40,
    44, 48,
    44, 50,
    44, 52,
    44, 66,
    44, 68,
    44, 69,
    44, 70,
    44, 72,
    44, 80,
    44, 82,
    44, 84,
    44, 85,
    44, 86,
    44, 87,
    44, 88,
    44, 90,
    45, 3,
    45, 8,
    45, 11,
    45, 14,
    45, 18,
    45, 24,
    45, 36,
    45, 40,
    45, 48,
    45, 50,
    45, 52,
    45, 53,
    45, 54,
    45, 55,
    45, 56,
    45, 58,
    45, 61,
    45, 68,
    45, 69,
    45, 70,
    45, 71,
    45, 72,
    45, 80,
    45, 82,
    45, 84,
    45, 85,
    45, 88,
    45, 90,
    46, 52,
    46, 53,
    46, 55,
    46, 58,
    48, 3,
    48, 8,
    48, 13,
    48, 15,
    48, 24,
    48, 34,
    48, 43,
    48, 53,
    48, 55,
    48, 57,
    48, 58,
    48, 59,
    48, 61,
    49, 13,
    49, 14,
    49, 15,
    49, 16,
    49, 21,
    49, 24,
    49, 34,
    49, 43,
    49, 52,
    49, 57,
    49, 59,
    49, 61,
    49, 66,
    49, 68,
    49, 69,
    49, 70,
    49, 72,
    49, 78,
    49, 79,
    49, 80,
    49, 83,
    49, 84,
    49, 89,
    49, 91,
    50, 3,
    50, 8,
    50, 13,
    50, 15,
    50, 24,
    50, 34,
    50, 43,
    50, 53,
    50, 55,
    50, 57,
    50, 58,
    50, 59,
    50, 61,
    51, 36,
    51, 40,
    51, 48,
    51, 50,
    51, 52,
    51, 53,
    51, 54,
    51, 55,
    51, 56,
    51, 58,
    51, 61,
    51, 66,
    51, 68,
    51, 69,
    51, 70,
    51, 80,
    51, 82,
    51, 88,
    51, 90,
    51, 91,
    52, 16,
    52, 34,
    52, 46,
    52, 52,
    52, 55,
    52, 57,
    52, 58,
    52, 61,
    53, 7,
    53, 13,
    53, 14,
    53, 15,
    53, 16,
    53, 27,
    53, 28,
    53, 34,
    53, 36,
    53, 40,
    53, 43,
    53, 46,
    53, 48,
    53, 50,
    53, 66,
    53, 68,
    53, 69,
    53, 70,
    53, 71,
    53, 72,
    53, 75,
    53, 78,
    53, 79,
    53, 80,
    53, 81,
    53, 83,
    53, 84,
    53, 85,
    53, 86,
    53, 88,
    53, 89,
    53, 90,
    53, 91,
    54, 13,
    54, 15,
    54, 16,
    54, 34,
    55, 13,
    55, 14,
    55, 15,
    55, 16,
    55, 27,
    55, 28,
    55, 34,
    55, 36,
    55, 40,
    55, 43,
    55, 46,
    55, 48,
    55, 50,
    55, 52,
    55, 66,
    55, 68,
    55, 69,
    55, 70,
    55, 72,
    55, 78,
    55, 79,
    55, 80,
    55, 81,
    55, 82,
    55, 83,
    55, 84,
    55, 85,
    55, 86,
    55, 87,
    55, 88,
    55, 89,
    55, 90,
    55, 91,
    56, 13,
    56, 14,
    56, 15,
    56, 16,
    56, 27,
    56, 28,
    56, 34,
    56, 52,
    56, 61,
    56, 66,
    56, 68,
    56, 69,
    56, 70,
    56, 71,
    56, 72,
    56, 78,
    56, 79,
    56, 80,
    56, 81,
    56, 83,
    56, 84,
    56, 87,
    56, 88,
    56, 89,
    56, 91,
    57, 11,
    57, 14,
    57, 17,
    57, 36,
    57, 40,
    57, 48,
    57, 50,
    57, 52,
    57, 61,
    57, 66,
    57, 68,
    57, 69,
    57, 70,
    57, 71,
    57, 72,
    57, 80,
    57, 82,
    57, 84,
    57, 85,
    57, 87,
    57, 88,
    57, 90,
    58, 13,
    58, 14,
    58, 15,
    58, 16,
    58, 17,
    58, 21,
    58, 23,
    58, 25,
    58, 27,
    58, 28,
    58, 34,
    58, 36,
    58, 40,
    58, 43,
    58, 46,
    58, 48,
    58, 50,
    58, 52,
    58, 66,
    58, 68,
    58, 69,
    58, 70,
    58, 71,
    58, 72,
    58, 78,
    58, 79,
    58, 80,
    58, 81,
    58, 82,
    58, 83,
    58, 84,
    58, 86,
    58, 88,
    58, 89,
    58, 90,
    58, 91,
    59, 36,
    59, 40,
    59, 48,
    59, 50,
    59, 52,
    59, 66,
    59, 68,
    59, 69,
    59, 70,
    59, 80,
    59, 82,
    61, 36,
    61, 40,
    61, 48,
    61, 50,
    61, 52,
    61, 53,
    61, 54,
    61, 55,
    61, 56,
    61, 58,
    66, 3,
    66, 8,
    66, 53,
    66, 55,
    66, 56,
    66, 58,
    66, 87,
    66, 88,
    66, 90,
    67, 3,
    67, 8,
    67, 13,
    67, 15,
    67, 53,
    67, 55,
    67, 56,
    67, 57,
    67, 58,
    67, 75,
    67, 89,
    68, 3,
    68, 8,
    68, 16,
    68, 53,
    68, 55,
    68, 56,
    68, 58,
    68, 68,
    68, 69,
    68, 70,
    68, 75,
    68, 80,
    68, 82,
    69, 53,
    69, 55,
    69, 56,
    69, 58,
    70, 3,
    70, 8,
    70, 53,
    70, 55,
    70, 56,
    70, 58,
    70, 75,
    70, 89,
    71, 15,
    71, 27,
    71, 28,
    71, 34,
    71, 66,
    71, 71,
    71, 86,
    72, 53,
    72, 55,
    72, 57,
    72, 58,
    72, 59,
    72, 66,
    72, 68,
    72, 69,
    72, 70,
    72, 72,
    72, 75,
    72, 80,
    72, 82,
    72, 85,
    72, 86,
    72, 88,
    72, 90,
    73, 3,
    73, 8,
    73, 53,
    73, 55,
    73, 56,
    73, 58,
    76, 3,
    76, 8,
    76, 53,
    76, 55,
    76, 56,
    76, 58,
    76, 68,
    76, 69,
    76, 70,
    76, 72,
    76, 80,
    76, 82,
    76, 84,
    77, 53,
    77, 55,
    77, 56,
    77, 58,
    78, 3,
    78, 8,
    78, 53,
    78, 55,
    78, 56,
    78, 58,
    79, 3,
    79, 8,
    79, 53,
    79, 55,
    79, 56,
    79, 58,
    80, 3,
    80, 8,
    80, 13,
    80, 15,
    80, 53,
    80, 55,
    80, 56,
    80, 57,
    80, 58,
    80, 75,
    80, 89,
    81, 3,
    81, 8,
    81, 13,
    81, 15,
    81, 53,
    81, 55,
    81, 56,
    81, 57,
    81, 58,
    81, 75,
    81, 89,
    82, 3,
    82, 8,
    82, 53,
    82, 55,
    82, 58,
    83, 13,
    83, 15,
    83, 34,
    83, 43,
    83, 53,
    83, 57,
    83, 58,
    83, 59,
    83, 66,
    83, 68,
    83, 69,
    83, 70,
    83, 72,
    83, 80,
    83, 82,
    84, 3,
    84, 8,
    84, 53,
    84, 55,
    84, 56,
    84, 57,
    84, 58,
    85, 3,
    85, 8,
    85, 52,
    85, 53,
    85, 55,
    85, 58,
    85, 72,
    86, 3,
    86, 8,
    86, 53,
    86, 55,
    86, 56,
    86, 58,
    87, 13,
    87, 15,
    87, 34,
    87, 43,
    87, 53,
    87, 55,
    87, 56,
    87, 57,
    87, 58,
    87, 59,
    87, 66,
    87, 72,
    88, 13,
    88, 15,
    88, 34,
    88, 43,
    88, 53,
    88, 55,
    88, 56,
    88, 57,
    88, 58,
    88, 59,
    88, 66,
    88, 72,
    89, 53,
    89, 55,
    89, 56,
    89, 58,
    89, 68,
    89, 69,
    89, 70,
    89, 80,
    89, 82,
    90, 13,
    90, 15,
    90, 34,
    90, 43,
    90, 53,
    90, 55,
    90, 56,
    90, 57,
    90, 58,
    90, 59,
    90, 66,
    90, 72,
    91, 53,
    91, 55,
    91, 56,
    91, 58,
    91, 68,
    91, 69,
    91, 70,
    91, 72,
    91, 80,
    91, 82
};

/* Kerning between the respective left and right glyphs
 * 4.4 format which needs to scaled with `kern_scale`*/
static const int8_t kern_pair_values[] =
{
    -77, -17, -17, -43, -17, -17, -20, -46,
    -46, -46, -58, -46, -46, -35, -35, -77,
    -17, -17, -43, -17, -17, -20, -46, -46,
    -46, -58, -46, -46, -35, -26, -17, -8,
    -17, -8, -8, -8, -17, -8, -8, -8,
    -8, -8, -17, -8, -17, -8, -66, -17,
    -54, -45, -66, -3, -3, -3, -3, -3,
    -26, -8, -17, -26, -43, -26, -8, -17,
    -43, -8, -17, -8, -8, -8, -17, -8,
    -8, -8, -8, -8, -17, -8, -17, -8,
    -66, -17, -54, -45, -66, -3, -3, -3,
    -3, -3, -26, -8, -17, -26, -17, -17,
    -17, -17, -26, -51, -51, -51, -51, -51,
    -5, -8, -17, -6, -17, -17, -15, -17,
    -8, -8, -12, -13, -8, -29, -14, -8,
    -20, -77, -17, -26, -54, -77, -17, -26,
    -54, -77, -77, -13, -13, -13, -8, -51,
    -8, -40, -24, -50, -16, -15, -3, -21,
    -23, -39, -39, -17, -17, -2, -24, -26,
    -5, -23, -26, -17, -17, -8, -8, -8,
    -5, -26, -26, -17, -17, -8, -13, -8,
    -8, -8, -17, -17, -8, -35, -2, -2,
    -2, -2, -2, -2, -2, -8, -8, -90,
    -90, -20, -20, -39, -28, -6, -23, -14,
    -14, -14, -3, -14, -14, -16, -5, -5,
    -20, -26, -26, -18, -10, -3, -17, -40,
    -40, -26, -25, -25, -25, -23, -18, 1,
    -17, -17, -17, -2, -17, -17, -2, -17,
    -10, -1, -26, -40, -1, -1, -111, -43,
    -35, -8, -14, -14, -14, -17, -8, -82,
    -18, -81, -53, -98, -85, -1, -1, -1,
    -20, -1, -1, -1, -1, -26, -36, -63,
    -13, -7, -8, -8, -26, -26, -17, -17,
    -8, -13, -8, -8, -8, -17, -17, -8,
    -35, -89, -68, -101, -81, -12, -8, -54,
    -32, -8, -18, -12, -26, -39, -25, -25,
    -25, -29, -3, -3, -25, -3, -26, -7,
    -17, -26, -26, -17, -17, -8, -13, -8,
    -8, -8, -17, -17, -8, -35, -8, -8,
    -8, -8, -5, -14, -6, -12, -3, -24,
    -26, -12, -21, -21, -21, -21, -21, -3,
    -8, -17, -17, -8, -8, -17, -8, -8,
    -8, -35, -8, -66, -43, -66, -51, -77,
    -77, -51, -8, -8, -31, -7, -8, -8,
    -79, -63, -63, -63, -29, -67, -6, -61,
    -61, -63, -61, -61, -71, -15, -50, -63,
    -51, -55, -52, -17, -17, -26, -8, -63,
    -26, -63, -3, -26, -26, -40, -9, -9,
    -9, -8, -9, -9, -7, -58, -41, -41,
    -41, -52, -30, -30, -41, -29, -36, -30,
    -36, -5, -26, -16, -23, -30, -21, -46,
    -45, -8, -45, -35, -26, -26, -24, -5,
    -17, -29, -22, -22, -22, -8, -31, -20,
    -20, -22, -12, -20, -9, -5, -5, -5,
    -3, -26, -17, -8, -17, -17, -17, -17,
    -15, -17, -5, -12, -12, -12, -9, -5,
    -12, -12, -16, -9, -30, -28, -35, -86,
    -43, -86, -43, -17, -26, -8, -8, -63,
    -63, -50, -17, -17, -9, -8, -17, -17,
    -8, -74, -69, -69, -69, -40, -69, -63,
    -63, -69, -51, -14, -63, -58, -58, -44,
    -46, -35, -40, -8, -8, -8, -8, -6,
    -8, -8, -8, -8, -8, -8, -17, -17,
    -17, -17, -26, -51, -26, -9, -43, -51,
    -40, -40, -61, -50, -24, -69, -1, -2,
    -5, -46, -46, -3, -3, -63, -39, -20,
    -7, -69, -1, -6, -43, -43, -7, -50,
    -20, -5, -54, -1, -1, -1, -1, -1,
    -1, 50, 26, 26, 30, -3, -3, -63,
    -30, -7, -68, -1, -12, -26, -8, -8,
    -8, -14, -37, -1, -23, -5, -9, -12,
    -3, -9, -2, -2, -2, -5, 26, -2,
    -1, 8, -6, 8, 14, -50, -50, -61,
    -35, -20, -63, -17, -17, -43, -15, -8,
    -40, -16, -16, -16, -8, -16, -16, -8,
    28, 15, 15, 21, -50, -50, -61, -35,
    -20, -63, -50, -50, -61, -35, -20, -63,
    -46, -46, -3, -3, -63, -39, -20, -7,
    -69, -1, -6, -46, -46, -3, -3, -63,
    -39, -20, -7, -69, -1, -6, -17, -17,
    -58, -10, -44, -104, -104, -32, -26, -52,
    -30, -29, -23, -17, -1, -1, -1, -9,
    -1, -22, -35, -35, -60, -32, -3, -5,
    -65, -35, -35, -6, -12, -16, -26, -8,
    -26, -26, -60, -23, -7, -58, -41, -41,
    -29, -26, -67, -23, -5, -30, -43, -23,
    -13, -12, -21, -23, -20, -35, -63, -23,
    -5, -28, -43, -17, -14, -8, -51, -30,
    -5, -46, -10, -10, -10, -10, -10, -40,
    -40, -29, -26, -67, -23, -5, -30, -43,
    -23, -13, -12, -51, -21, -3, -40, -7,
    -7, -7, -8, -7, -7
};

/*Collect the kern pair's data in one place*/
static const lv_font_fmt_txt_kern_pair_t kern_pairs =
{
    .glyph_ids = kern_pair_glyph_ids,
    .values = kern_pair_values,
    .pair_cnt = 733,
    .glyph_ids_size = 0
};

/*--------------------
 *  ALL CUSTOM DATA
 *--------------------*/

#if LVGL_VERSION_MAJOR == 8
/*Store all the custom data of the font*/
static  lv_font_fmt_txt_glyph_cache_t cache;
#endif

#if LVGL_VERSION_MAJOR >= 8
static const lv_font_fmt_txt_dsc_t font_dsc = {
#else
static lv_font_fmt_txt_dsc_t font_dsc = {
#endif
    .glyph_bitmap = glyph_bitmap,
    .glyph_dsc = glyph_dsc,
    .cmaps = cmaps,
    .kern_dsc = &kern_pairs,
    .kern_scale = 16,
    .cmap_num = 1,
    .bpp = 1,
    .kern_classes = 0,
    .bitmap_format = 0,
#if LVGL_VERSION_MAJOR == 8
    .cache = &cache
#endif

};

extern const lv_font_t lv_font_montserrat_14;


/*-----------------
 *  PUBLIC FONT
 *----------------*/

/*Initialize a public general font descriptor*/
#if LVGL_VERSION_MAJOR >= 8
const lv_font_t OswaldSemiBold72 = {
#else
lv_font_t OswaldSemiBold72 = {
#endif
    .get_glyph_dsc = lv_font_get_glyph_dsc_fmt_txt,    /*Function pointer to get glyph's data*/
    .get_glyph_bitmap = lv_font_get_bitmap_fmt_txt,    /*Function pointer to get glyph's bitmap*/
    .line_height = 80,          /*The maximum line height required by the font*/
    .base_line = 15,             /*Baseline measured from the bottom of the line*/
#if !(LVGL_VERSION_MAJOR == 6 && LVGL_VERSION_MINOR == 0)
    .subpx = LV_FONT_SUBPX_NONE,
#endif
#if LV_VERSION_CHECK(7, 4, 0) || LVGL_VERSION_MAJOR >= 8
    .underline_position = -7,
    .underline_thickness = 4,
#endif
    .static_bitmap = 0,
    .dsc = &font_dsc,          /*The custom font data. Will be accessed by `get_glyph_bitmap/dsc` */
#if LV_VERSION_CHECK(8, 2, 0) || LVGL_VERSION_MAJOR >= 9
    .fallback = &lv_font_montserrat_14,
#endif
    .user_data = NULL,
};



#endif /*#if OSWALDSEMIBOLD72*/
